Taxon,Taxon_Shortname,pvalue,Persons,loglik,H2,SEH2,Va,SEVa,Ve,SEVe,mu,SEmu,ANTHRO.AGE,SEANTHRO.AGE,ANTHRO.AGE2,SEANTHRO.AGE2,gender,SEgender,ANTHRO.BMI,SEANTHRO.BMI,META.DNA.postclean.reads,SEMETA.DNA.postclean.reads,META.POOP.Freq,SEMETA.POOP.Freq,Varmu,VarANTHRO.AGE,VarANTHRO.AGE2,Vargender,VarANTHRO.BMI,VarMETA.DNA.postclean.reads,VarMETA.POOP.Freq,FDR
k_Archaea.p_Euryarchaeota,p_Euryarchaeota,0.47,4745,-560.73,0.0302,0.0335,0.0141,0.0161,0.452,0.0184,0.0529239,0.0346406,-0.00515133,0.00317517,2.02E-05,3.56E-05,-0.0385552,0.0200323,0.00862562,0.00288321,-1.20E-08,2.09E-09,0.0571987,0.0182481,0.0159989,0.0178855,0.00118071,0.000371176,0.0104989,0.0218932,0.00181776,1
k_Archaea.p_Euryarchaeota.c_Methanobacteria,c_Methanobacteria,0.39,4745,-524.06,0.0354,0.0335,0.0163,0.0159,0.4427,0.0182,0.0465253,0.0343773,-0.00598624,0.00315085,3.11E-05,3.53E-05,-0.0345693,0.0198787,0.00864246,0.00286131,-1.16E-08,2.07E-09,0.0625969,0.0181096,0.0155313,0.0241529,0.00278687,0.000298397,0.01054,0.0206154,0.00217705,1
k_Archaea.p_Euryarchaeota.c_Methanobacteria.o_Methanobacteriales,o_Methanobacteriales,0.39,4745,-524.06,0.0354,0.0335,0.0163,0.0159,0.4427,0.0182,0.0465284,0.0343773,-0.00598587,0.00315084,3.11E-05,3.53E-05,-0.0345716,0.0198787,0.00864211,0.00286131,-1.16E-08,2.07E-09,0.0625956,0.0181096,0.015531,0.0241499,0.00278611,0.000298436,0.0105391,0.0206147,0.00217696,1
k_Archaea.p_Euryarchaeota.c_Methanobacteria.o_Methanobacteriales.f_Methanobacteriaceae,f_Methanobacteriaceae,0.39,4745,-523.98,0.0354,0.0335,0.0163,0.0159,0.4426,0.0182,0.0465246,0.0343767,-0.00598597,0.00315079,3.11E-05,3.53E-05,-0.0345686,0.0198783,0.00864251,0.00286126,-1.16E-08,2.07E-09,0.0625933,0.0181093,0.0155308,0.0241508,0.00278615,0.000298384,0.0105401,0.0206148,0.0021768,1
k_Archaea.p_Euryarchaeota.c_Methanobacteria.o_Methanobacteriales.f_Methanobacteriaceae.g_Methanobrevibacter,g_Methanobrevibacter,0.39,4745,-523.74,0.0354,0.0335,0.0163,0.0159,0.4426,0.0181,0.0465204,0.0343749,-0.00598573,0.00315063,3.11E-05,3.53E-05,-0.0345662,0.0198773,0.00864179,0.00286111,-1.16E-08,2.07E-09,0.0625892,0.0181083,0.015529,0.0241488,0.00278598,0.000298343,0.0105383,0.0206114,0.00217651,1
k_Bacteria.p_Actinobacteria,p_Actinobacteria,0.00026,4745,-2780.4,0.1693,0.0314,0.202,0.0442,0.9914,0.0462,0.181792,0.0553769,0.00443962,0.00506247,-0.00018903,5.66E-05,-0.0880875,0.0319981,0.0146954,0.0046098,7.48E-08,3.32E-09,-0.0923789,0.0291816,0.864997,0.0132847,0.103091,0.0019375,0.030474,0.850208,0.00474142,0.05564
k_Bacteria.p_Actinobacteria.c_Actinobacteria,c_Actinobacteria,0.00026,4745,-2780.42,0.1692,0.0315,0.202,0.0442,0.9915,0.0462,0.181783,0.0553771,0.00444034,0.0050625,-0.000189042,5.66E-05,-0.0880785,0.0319983,0.0146977,0.00460982,7.48E-08,3.32E-09,-0.0924046,0.0291817,0.865005,0.0132891,0.103105,0.0019371,0.0304836,0.850187,0.00474406,0.05564
k_Bacteria.p_Actinobacteria.c_Actinobacteria.o_Actinomycetales,o_Actinomycetales,0.019,4745,-3145.02,0.1048,0.0325,0.1454,0.05,1.2421,0.0545,0.104293,0.0597804,0.00143611,0.00547325,-3.45E-05,6.12E-05,-0.0786161,0.0345475,0.0195145,0.0049761,-4.69E-08,3.59E-09,0.00873257,0.0314962,0.149474,0.00139008,0.0034291,0.00154325,0.0537376,0.333541,4.24E-05,1
k_Bacteria.p_Actinobacteria.c_Actinobacteria.o_Actinomycetales.f_Micrococcaceae,f_Micrococcaceae,0.019,4745,-2985.03,0.1018,0.0326,0.132,0.0467,1.1649,0.0509,0.119045,0.0577968,-0.00201905,0.00529196,-1.21E-05,5.92E-05,-0.0902533,0.0334017,0.0267938,0.00481097,-4.58E-08,3.48E-09,0.0161069,0.0304509,0.121174,0.00274761,0.000422917,0.00203394,0.101306,0.319111,0.000144142,1
k_Bacteria.p_Actinobacteria.c_Actinobacteria.o_Actinomycetales.f_Micrococcaceae.g_Rothia,g_Rothia,0.015,4745,-2985.17,0.1055,0.0325,0.1369,0.0468,1.1603,0.0509,0.119589,0.0578004,-0.00182519,0.0052919,-1.40E-05,5.92E-05,-0.0907089,0.0334031,0.0268145,0.00481129,-4.60E-08,3.47E-09,0.0161207,0.0304531,0.121433,0.00224531,0.000562001,0.00205453,0.101462,0.321742,0.000144387,1
k_Bacteria.p_Actinobacteria.c_Actinobacteria.o_Actinomycetales.f_Micrococcaceae.g_Rothia.s_Rothia_mucilaginosa,s_Rothia_mucilaginosa,0.021,4745,-3021.57,0.0996,0.0326,0.1311,0.0474,1.1858,0.0517,0.133994,0.0582424,-0.00330581,0.00533298,7.47E-06,5.96E-05,-0.101531,0.0336596,0.0277414,0.00484805,-4.61E-08,3.50E-09,0.0225919,0.0306855,0.119207,0.00736577,0.000161042,0.00257399,0.108598,0.322453,0.000283577,1
k_Bacteria.p_Actinobacteria.c_Actinobacteria.o_Bifidobacteriales,o_Bifidobacteriales,0.013,4745,-3655.88,0.1177,0.0323,0.2026,0.0624,1.5192,0.0674,0.21746,0.0665827,-0.00241214,0.00609446,-0.000167341,6.81E-05,-0.113022,0.0384763,0.0112124,0.00554239,7.00E-08,4.00E-09,-0.129353,0.0350813,0.526229,0.00392164,0.0807916,0.00318964,0.0177402,0.743984,0.00929641,1
k_Bacteria.p_Actinobacteria.c_Actinobacteria.o_Bifidobacteriales.f_Bifidobacteriaceae,f_Bifidobacteriaceae,0.013,4745,-3655.9,0.1177,0.0323,0.2026,0.0624,1.5192,0.0674,0.217457,0.0665831,-0.0024148,0.00609449,-0.000167317,6.81E-05,-0.113016,0.0384765,0.0112134,0.00554242,7.00E-08,4.00E-09,-0.129339,0.0350814,0.526246,0.00393029,0.0807682,0.00318927,0.0177437,0.74402,0.00929446,1
k_Bacteria.p_Actinobacteria.c_Actinobacteria.o_Bifidobacteriales.f_Bifidobacteriaceae.g_Bifidobacterium,g_Bifidobacterium,0.0094,4745,-3639.92,0.1235,0.0322,0.2113,0.0622,1.4994,0.0669,0.216913,0.0663618,-0.00308148,0.00607348,-0.000157856,6.79E-05,-0.112724,0.0383478,0.0112213,0.00552403,7.02E-08,3.99E-09,-0.12515,0.0349654,0.526407,0.00639998,0.0718925,0.00317283,0.0177686,0.748026,0.00870218,1
k_Bacteria.p_Actinobacteria.c_Actinobacteria.o_Bifidobacteriales.f_Bifidobacteriaceae.g_Bifidobacterium.s_Bifidobacterium_adolescentis,s_Bifidobacterium_adolescentis,0.022,4745,-3812.54,0.1013,0.0326,0.1861,0.0661,1.652,0.0722,0.20464,0.0688083,-0.00395378,0.00630026,-0.000147109,7.05E-05,-0.112231,0.0397656,0.0141733,0.00572756,4.87E-08,4.14E-09,-0.125637,0.0362524,0.256469,0.0105363,0.0624369,0.00314512,0.0283469,0.360739,0.00876999,1
k_Bacteria.p_Actinobacteria.c_Actinobacteria.o_Bifidobacteriales.f_Bifidobacteriaceae.g_Bifidobacterium.s_Bifidobacterium_bifidum,s_Bifidobacterium_bifidum,0.059,4745,-487.71,0.0611,0.0332,0.0276,0.0159,0.4245,0.0178,-0.0165507,0.0341292,-0.0129722,0.00312705,8.51E-05,3.50E-05,0.0179011,0.0197297,0.00547783,0.00284076,1.37E-08,2.05E-09,-0.00104589,0.0179797,0.0103906,0.11342,0.0208824,8.00E-05,0.0042343,0.0284942,6.08E-07,1
k_Bacteria.p_Actinobacteria.c_Actinobacteria.o_Bifidobacteriales.f_Bifidobacteriaceae.g_Bifidobacterium.s_Bifidobacterium_catenulatum,s_Bifidobacterium_catenulatum,0.016,4745,-641.03,0.0857,0.0328,0.0413,0.0172,0.4413,0.019,-0.122572,0.035261,0.000962642,0.00322949,3.98E-05,3.61E-05,0.0754716,0.0203799,-0.00347341,0.00293505,-8.85E-09,2.12E-09,-0.0410784,0.018577,0.0145571,0.000624585,0.00457809,0.00142226,0.00170247,0.0119082,0.000937542,1
k_Bacteria.p_Actinobacteria.c_Actinobacteria.o_Bifidobacteriales.f_Bifidobacteriaceae.g_Bifidobacterium.s_Bifidobacterium_longum,s_Bifidobacterium_longum,0.00054,4745,-3103.92,0.1511,0.0318,0.2064,0.0503,1.1601,0.0532,-0.0300018,0.0592816,-0.00061071,0.00542202,-4.97E-05,6.06E-05,0.0247906,0.0342544,-0.0162162,0.00493478,3.52E-08,3.56E-09,-0.135873,0.0312374,0.0442545,0.00025138,0.00712859,0.000153457,0.0371074,0.187898,0.0102573,0.11178
k_Bacteria.p_Actinobacteria.c_Actinobacteria.o_Bifidobacteriales.f_Bifidobacteriaceae.g_Bifidobacterium.s_Bifidobacterium_pseudocatenulatum,s_Bifidobacterium_pseudocatenulatum,0.4,4745,463.44,0.0295,0.0336,0.0089,0.0105,0.2937,0.012,0.00821872,0.0279152,0.00508745,0.00255874,-4.32E-05,2.87E-05,-0.00939943,0.0161432,-0.00284924,0.00232344,-4.24E-09,1.68E-09,-0.0580463,0.0147053,0.00417461,0.0174446,0.00537851,2.21E-05,0.00114557,0.00272606,0.00187203,1
k_Bacteria.p_Actinobacteria.c_Actinobacteria.o_Coriobacteriales,o_Coriobacteriales,9.80E-07,4745,-2178.4,0.2205,0.0305,0.2049,0.0349,0.7242,0.0355,0.0168529,0.048775,0.00395945,0.00445206,-7.15E-05,4.97E-05,-0.0118424,0.0281877,0.00159087,0.00406035,3.14E-08,2.92E-09,-0.079806,0.0257076,0.138381,0.0105665,0.0147666,3.50E-05,0.000357138,0.149734,0.00353862,0.00022834
k_Bacteria.p_Actinobacteria.c_Actinobacteria.o_Coriobacteriales.f_Coriobacteriaceae,f_Coriobacteriaceae,9.80E-07,4745,-2178.43,0.2205,0.0305,0.2049,0.0349,0.7242,0.0355,0.0168521,0.0487754,0.00395684,0.0044521,-7.15E-05,4.97E-05,-0.0118369,0.0281879,0.00159207,0.00406038,3.14E-08,2.92E-09,-0.0797924,0.0257077,0.13839,0.0105526,0.0147559,3.50E-05,0.000357674,0.149749,0.00353741,0.00022834
k_Bacteria.p_Actinobacteria.c_Actinobacteria.o_Coriobacteriales.f_Coriobacteriaceae.g_Adlercreutzia,g_Adlercreutzia,1,4745,-3320.79,0,0.0339,0,0.0518,1.5288,0.0605,0.0686495,0.0627069,-0.00515408,0.00574932,0.000144839,6.44E-05,-0.0669044,0.0362781,-0.00940237,0.00521897,-2.98E-08,3.78E-09,-0.0213235,0.0330314,0.193895,0.0179045,0.0605247,0.00111769,0.012475,0.135253,0.000252628,1
k_Bacteria.p_Actinobacteria.c_Actinobacteria.o_Coriobacteriales.f_Coriobacteriaceae.g_Adlercreutzia.s_Adlercreutzia_equolifaciens,s_Adlercreutzia_equolifaciens,1,4745,-3308.16,0,0.0339,0,0.0515,1.5207,0.0602,0.0680431,0.0625404,-0.00528499,0.00573406,0.000145495,6.43E-05,-0.0664374,0.0361818,-0.0091701,0.00520512,-2.98E-08,3.77E-09,-0.0195995,0.0329437,0.192029,0.0188256,0.0610743,0.00110214,0.0118663,0.134821,0.00021343,1
k_Bacteria.p_Actinobacteria.c_Actinobacteria.o_Coriobacteriales.f_Coriobacteriaceae.g_Collinsella,g_Collinsella,3.30E-06,4745,-2131.08,0.2265,0.0304,0.2063,0.0343,0.7048,0.0347,0.0607104,0.0482897,0.000642602,0.00440688,-4.98E-05,4.92E-05,-0.0442813,0.0279082,0.00425224,0.00401995,3.00E-08,2.89E-09,-0.0609434,0.0254524,0.121687,0.000278321,0.00714355,0.000489614,0.00255153,0.136945,0.00206356,0.000759
k_Bacteria.p_Actinobacteria.c_Actinobacteria.o_Coriobacteriales.f_Coriobacteriaceae.g_Collinsella.s_Collinsella_aerofaciens,s_Collinsella_aerofaciens,1.00E-05,4745,-1916.98,0.2038,0.0308,0.1694,0.0311,0.6618,0.0319,0.0586208,0.0461631,0.00180017,0.00421591,-5.25E-05,4.71E-05,-0.042149,0.0266762,0.00340639,0.00384288,3.01E-08,2.77E-09,-0.0701831,0.0243293,0.12646,0.00218419,0.0079411,0.000443596,0.00163739,0.137238,0.00273671,0.00223
k_Bacteria.p_Actinobacteria.c_Actinobacteria.o_Coriobacteriales.f_Coriobacteriaceae.g_Eggerthella,g_Eggerthella,0.0021,4745,-2754.54,0.1188,0.0323,0.1399,0.0427,1.0377,0.0461,0.253787,0.0550641,0.0357929,0.00504001,-0.000315266,5.64E-05,-0.197387,0.0318199,-0.0247366,0.00458357,-3.30E-08,3.31E-09,0.0636768,0.0290124,0.101311,0.863485,0.286759,0.00972855,0.0863466,0.165104,0.00225282,0.4074
k_Bacteria.p_Actinobacteria.c_Actinobacteria.o_Coriobacteriales.f_Coriobacteriaceae.g_Eggerthella.s_Eggerthella_lenta,s_Eggerthella_lenta,0.57,4745,-1457.82,0.0207,0.0337,0.014,0.0234,0.6661,0.0269,0.151643,0.0418422,0.0146911,0.00383565,-0.000130663,4.30E-05,-0.108566,0.0241998,-0.00917289,0.00348256,-1.41E-08,2.52E-09,-0.00403526,0.0220415,0.0206155,0.145468,0.0492566,0.00294308,0.0118735,0.0301795,9.05E-06,1
k_Bacteria.p_Actinobacteria.c_Actinobacteria.o_Coriobacteriales.f_Coriobacteriaceae.g_Eggerthella.s_Eggerthella_unclassified,s_Eggerthella_unclassified,0.035,4745,-2567.5,0.0873,0.0328,0.0949,0.0388,0.9922,0.0428,0.240608,0.0529207,0.0310578,0.00484678,-0.00027459,5.42E-05,-0.185623,0.0305864,-0.0208864,0.00440501,-3.03E-08,3.18E-09,0.0533916,0.0278809,0.0852743,0.650134,0.217537,0.0086035,0.0615588,0.139235,0.00158383,1
k_Bacteria.p_Actinobacteria.c_Actinobacteria.o_Coriobacteriales.f_Coriobacteriaceae.g_Gordonibacter,g_Gordonibacter,1,4745,-2134.03,0,0.0339,0,0.031,0.9149,0.0362,0.182353,0.0485095,0.012766,0.00444762,-5.85E-05,4.98E-05,-0.140591,0.0280644,-0.00466166,0.00403735,-2.55E-08,2.92E-09,-0.0472775,0.0255528,0.0547875,0.109842,0.00988293,0.00493545,0.00306652,0.0990156,0.00124186,1
k_Bacteria.p_Actinobacteria.c_Actinobacteria.o_Coriobacteriales.f_Coriobacteriaceae.g_Gordonibacter.s_Gordonibacter_pamelaeae,s_Gordonibacter_pamelaeae,1,4745,-2122.23,0,0.0339,0,0.0308,0.91,0.036,0.181247,0.0483783,0.0127276,0.0044356,-5.83E-05,4.97E-05,-0.139845,0.0279885,-0.00466541,0.00402643,-2.55E-08,2.91E-09,-0.0462386,0.0254837,0.054412,0.109183,0.00979936,0.00488319,0.00307145,0.0985626,0.00118788,1
k_Bacteria.p_Bacteroidetes,p_Bacteroidetes,0.0068,4745,-265.08,0.0927,0.0327,0.0382,0.0148,0.3738,0.0162,0.161523,0.0325774,0.0358326,0.00298335,-0.000469761,3.34E-05,-0.0128674,0.018828,0.0685923,0.0027117,1.16E-07,1.96E-09,0.105771,0.0171634,6.11492,0.8654,0.636674,4.13E-05,0.663921,2.03044,0.00621575,1
k_Bacteria.p_Bacteroidetes.c_Bacteroidia,c_Bacteroidia,0.0069,4745,-265.12,0.0926,0.0327,0.0382,0.0148,0.3738,0.0162,0.161518,0.0325777,0.0358334,0.00298337,-0.000469777,3.34E-05,-0.0128583,0.0188282,0.0685948,0.00271172,1.16E-07,1.96E-09,0.105747,0.0171635,6.11493,0.865441,0.636716,4.13E-05,0.663969,2.03039,0.00621301,1
k_Bacteria.p_Bacteroidetes.c_Bacteroidia.o_Bacteroidales,o_Bacteroidales,0.0069,4745,-265.13,0.0926,0.0327,0.0382,0.0148,0.3738,0.0162,0.161527,0.0325777,0.0358344,0.00298338,-0.000469784,3.34E-05,-0.012863,0.0188282,0.0685946,0.00271172,1.16E-07,1.96E-09,0.10574,0.0171636,6.11496,0.865489,0.636736,4.13E-05,0.663964,2.03039,0.0062121,1
k_Bacteria.p_Bacteroidetes.c_Bacteroidia.o_Bacteroidales.f_Bacteroidaceae,f_Bacteroidaceae,0.00089,4745,-2076.93,0.1438,0.0319,0.1274,0.0325,0.7586,0.0345,0.0781979,0.0477431,0.0293573,0.00436745,-0.000401677,4.88E-05,0.0107253,0.0275874,0.0603592,0.00397426,6.85E-08,2.87E-09,0.19286,0.0251569,3.21792,0.580888,0.465496,2.87E-05,0.514106,0.71366,0.0206657,0.18067
k_Bacteria.p_Bacteroidetes.c_Bacteroidia.o_Bacteroidales.f_Bacteroidaceae.g_Bacteroides,g_Bacteroides,0.00093,4745,-2076.63,0.1433,0.0319,0.1269,0.0325,0.759,0.0345,0.0779352,0.04774,0.0293598,0.00436722,-0.000401747,4.88E-05,0.0109622,0.0275857,0.0603599,0.003974,6.85E-08,2.87E-09,0.193141,0.0251552,3.21854,0.580987,0.465657,3.00E-05,0.514117,0.713718,0.0207259,0.18786
k_Bacteria.p_Bacteroidetes.c_Bacteroidia.o_Bacteroidales.f_Bacteroidaceae.g_Bacteroides.s_Bacteroides_caccae,s_Bacteroides_caccae,6.80E-05,4745,-3003.22,0.2195,0.0305,0.2888,0.0495,1.0265,0.0502,-0.0112663,0.0580353,-0.00550696,0.00529749,-4.08E-05,5.92E-05,0.023512,0.0335392,0.00498222,0.00483123,2.47E-08,3.48E-09,0.0361657,0.0305882,0.0619984,0.0204402,0.00479475,0.000138036,0.00350276,0.0928481,0.000726701,0.015096
k_Bacteria.p_Bacteroidetes.c_Bacteroidia.o_Bacteroidales.f_Bacteroidaceae.g_Bacteroides.s_Bacteroides_cellulosilyticus,s_Bacteroides_cellulosilyticus,0.012,4745,-3317.13,0.1275,0.0322,0.1904,0.0544,1.3029,0.0584,-0.112959,0.0619992,0.00599454,0.00567371,-1.21E-05,6.34E-05,0.0894878,0.0358264,-0.00476313,0.0051609,-5.41E-09,3.73E-09,0.0426359,0.0326671,0.00780806,0.0242199,0.000424386,0.00199959,0.00320148,0.00444855,0.00100998,1
k_Bacteria.p_Bacteroidetes.c_Bacteroidia.o_Bacteroidales.f_Bacteroidaceae.g_Bacteroides.s_Bacteroides_clarus,s_Bacteroides_clarus,0.15,4745,-1066.75,0.0744,0.033,0.043,0.0205,0.5343,0.0228,0.0164973,0.0385656,0.000216572,0.00353282,-1.41E-05,3.95E-05,-0.0121642,0.0222918,-0.000965008,0.00321008,-2.70E-09,2.32E-09,0.014994,0.0203174,0.00267782,3.16E-05,0.000572264,3.69E-05,0.00013141,0.00111136,0.00012491,1
k_Bacteria.p_Bacteroidetes.c_Bacteroidia.o_Bacteroidales.f_Bacteroidaceae.g_Bacteroides.s_Bacteroides_coprocola,s_Bacteroides_coprocola,1,4745,-2653.63,0,0.0339,0,0.0382,1.1283,0.0447,0.101261,0.053871,0.00222007,0.0049392,-6.00E-05,5.53E-05,-0.0667485,0.0311662,0.00548896,0.00448357,-3.76E-09,3.24E-09,0.0599142,0.028377,0.00442495,0.00332197,0.0103791,0.00111249,0.00425153,0.0021535,0.00199445,1
k_Bacteria.p_Bacteroidetes.c_Bacteroidia.o_Bacteroidales.f_Bacteroidaceae.g_Bacteroides.s_Bacteroides_coprophilus,s_Bacteroides_coprophilus,0.078,4745,-936.07,0.0793,0.0329,0.0433,0.0194,0.5031,0.0215,0.0997228,0.0375203,0.00701655,0.00343679,-5.87E-05,3.85E-05,-0.0689147,0.0216868,-0.00107718,0.00312308,7.00E-10,2.26E-09,0.013489,0.0197669,0.00935568,0.0331825,0.00993545,0.00118587,0.000163736,7.44E-05,0.000101093,1
k_Bacteria.p_Bacteroidetes.c_Bacteroidia.o_Bacteroidales.f_Bacteroidaceae.g_Bacteroides.s_Bacteroides_dorei,s_Bacteroides_dorei,3.30E-07,4745,-5112.85,0.2136,0.0306,0.6835,0.1201,2.5156,0.1224,-0.147175,0.0905294,0.0101778,0.00826514,-5.56E-05,9.23E-05,0.09847,0.0523163,0.00433975,0.00753623,-1.49E-09,5.43E-09,0.0590486,0.0477135,0.0605594,0.0698177,0.00890312,0.00242115,0.00265764,0.000339091,0.00193723,7.76E-05
k_Bacteria.p_Bacteroidetes.c_Bacteroidia.o_Bacteroidales.f_Bacteroidaceae.g_Bacteroides.s_Bacteroides_eggerthii,s_Bacteroides_eggerthii,0.58,4745,-3534.63,0.0245,0.0336,0.0401,0.0562,1.5922,0.0646,-0.0448728,0.0648231,0.0120678,0.00594207,-9.19E-05,6.65E-05,0.0419794,0.0374892,-0.00623992,0.00539531,-5.65E-09,3.90E-09,0.0480813,0.0341475,0.00729087,0.0981557,0.0243584,0.000440033,0.00549444,0.00484681,0.00128444,1
k_Bacteria.p_Bacteroidetes.c_Bacteroidia.o_Bacteroidales.f_Bacteroidaceae.g_Bacteroides.s_Bacteroides_faecis,s_Bacteroides_faecis,0.0016,4745,-2378.92,0.1236,0.0322,0.1243,0.0366,0.8811,0.0393,0.0380412,0.0508748,0.00477697,0.0046561,-7.60E-05,5.21E-05,-0.0223895,0.0293985,-0.00373073,0.00423488,-8.28E-09,3.06E-09,0.0368099,0.0268055,0.0141724,0.0153803,0.0166609,0.000125171,0.00196406,0.010415,0.000752822,0.3168
k_Bacteria.p_Bacteroidetes.c_Bacteroidia.o_Bacteroidales.f_Bacteroidaceae.g_Bacteroides.s_Bacteroides_finegoldii,s_Bacteroides_finegoldii,0.077,4745,-527.49,0.0837,0.0329,0.0385,0.0164,0.4216,0.0181,0.00677782,0.0344264,9.70E-05,0.00315317,-1.63E-05,3.53E-05,-0.00807139,0.0198979,0.00378697,0.00286558,-6.24E-09,2.07E-09,0.0696105,0.0181372,0.00248459,6.34E-06,0.00076342,1.63E-05,0.00202371,0.00591787,0.00269224,1
k_Bacteria.p_Bacteroidetes.c_Bacteroidia.o_Bacteroidales.f_Bacteroidaceae.g_Bacteroides.s_Bacteroides_fragilis,s_Bacteroides_fragilis,0.14,4745,-2507.94,0.0626,0.0331,0.0664,0.0374,0.9931,0.0418,-0.0777536,0.0522443,0.00104497,0.00478674,-5.24E-05,5.36E-05,0.057192,0.0302015,0.00362766,0.00434858,-6.55E-09,3.14E-09,0.0837541,0.0275231,0.00627402,0.00073599,0.00791057,0.000816741,0.00185703,0.00652899,0.0038974,1
k_Bacteria.p_Bacteroidetes.c_Bacteroidia.o_Bacteroidales.f_Bacteroidaceae.g_Bacteroides.s_Bacteroides_intestinalis,s_Bacteroides_intestinalis,1,4745,-1300.92,0,0.0339,0,0.0227,0.6693,0.0265,-0.0772343,0.0414906,0.000569637,0.00380409,-4.37E-06,4.26E-05,0.0485189,0.0240037,0.00383963,0.00345318,-5.73E-09,2.50E-09,-0.017299,0.0218555,0.00182887,0.000218705,5.52E-05,0.000587807,0.00208039,0.00499485,0.000166267,1
k_Bacteria.p_Bacteroidetes.c_Bacteroidia.o_Bacteroidales.f_Bacteroidaceae.g_Bacteroides.s_Bacteroides_massiliensis,s_Bacteroides_massiliensis,0.00012,4745,-3300.37,0.1698,0.0314,0.2524,0.055,1.2336,0.0576,0.270228,0.0617902,-0.000672927,0.00564868,-4.36E-05,6.31E-05,-0.170988,0.0357039,0.0206739,0.00514368,2.14E-10,3.71E-09,0.107688,0.0325613,0.0646772,0.000305209,0.00547735,0.00730034,0.0603131,6.95E-06,0.0064431,0.02628
k_Bacteria.p_Bacteroidetes.c_Bacteroidia.o_Bacteroidales.f_Bacteroidaceae.g_Bacteroides.s_Bacteroides_nordii,s_Bacteroides_nordii,0.85,4745,-1566.82,0.0113,0.0337,0.008,0.0243,0.704,0.0282,0.0380349,0.042806,-0.00991395,0.00392435,0.000100226,4.40E-05,-0.0251688,0.0247606,0.00210744,0.00356272,-5.73E-09,2.58E-09,0.00480896,0.0225489,0.0211592,0.0662452,0.0289814,0.000158175,0.000626721,0.00498307,1.28E-05,1
k_Bacteria.p_Bacteroidetes.c_Bacteroidia.o_Bacteroidales.f_Bacteroidaceae.g_Bacteroides.s_Bacteroides_ovatus,s_Bacteroides_ovatus,6.80E-05,4745,-4346.08,0.1764,0.0313,0.4075,0.0857,1.9024,0.0893,0.0360202,0.0770253,-0.0250735,0.00704015,7.75E-05,7.87E-05,-0.00592488,0.0445074,0.0200674,0.00641194,6.54E-09,4.62E-09,0.199228,0.0405905,0.0649271,0.423731,0.0173466,8.77E-06,0.0568262,0.00650159,0.0220527,0.015096
k_Bacteria.p_Bacteroidetes.c_Bacteroidia.o_Bacteroidales.f_Bacteroidaceae.g_Bacteroides.s_Bacteroides_plebeius,s_Bacteroides_plebeius,0.037,4745,-2557.79,0.0956,0.0327,0.1035,0.0389,0.9794,0.0426,0.0381889,0.0528171,0.0103706,0.00483657,-0.000128274,5.41E-05,-0.0321687,0.0305249,0.00470324,0.00439643,-4.63E-09,3.18E-09,0.0336978,0.0278269,0.010622,0.0724883,0.0474719,0.000258393,0.00312148,0.00326011,0.000630908,1
k_Bacteria.p_Bacteroidetes.c_Bacteroidia.o_Bacteroidales.f_Bacteroidaceae.g_Bacteroides.s_Bacteroides_salyersiae,s_Bacteroides_salyersiae,1,4745,210.31,0,0.0339,0,0.0115,0.3406,0.0135,-0.0371294,0.0296,-0.00346553,0.00271389,2.79E-05,3.04E-05,0.0231166,0.0171246,0.00368069,0.00246355,-2.90E-10,1.78E-09,0.0154082,0.0155921,0.000434239,0.0080947,0.00225208,0.000133433,0.00191172,1.28E-05,0.000131906,1
k_Bacteria.p_Bacteroidetes.c_Bacteroidia.o_Bacteroidales.f_Bacteroidaceae.g_Bacteroides.s_Bacteroides_stercoris,s_Bacteroides_stercoris,0.0077,4745,-5468.89,0.1191,0.0323,0.4404,0.1342,3.2569,0.1448,0.211342,0.0975676,0.00217416,0.00893029,-0.000121523,9.99E-05,-0.147528,0.0563813,0.045753,0.0081216,-3.35E-08,5.86E-09,0.0948279,0.0514068,0.0554717,0.003186,0.0426069,0.00543456,0.295396,0.170211,0.00499615,1
k_Bacteria.p_Bacteroidetes.c_Bacteroidia.o_Bacteroidales.f_Bacteroidaceae.g_Bacteroides.s_Bacteroides_thetaiotaomicron,s_Bacteroides_thetaiotaomicron,0.012,4745,-3467.81,0.1204,0.0323,0.1916,0.0578,1.3992,0.0623,-0.069127,0.0639966,-0.00661041,0.0058574,7.94E-05,6.55E-05,0.0439021,0.0369815,0.0159551,0.00532713,-2.10E-08,3.85E-09,0.105584,0.0337189,0.0170562,0.0294522,0.0181948,0.000481264,0.0359224,0.0671807,0.00619383,1
k_Bacteria.p_Bacteroidetes.c_Bacteroidia.o_Bacteroidales.f_Bacteroidaceae.g_Bacteroides.s_Bacteroides_uniformis,s_Bacteroides_uniformis,3.30E-06,4745,-4060.04,0.2215,0.0305,0.455,0.0773,1.5988,0.0784,-0.071021,0.0725129,0.0167808,0.00661856,-0.000210895,7.39E-05,0.0740497,0.0419064,0.0386239,0.00603645,3.23E-08,4.35E-09,0.105818,0.0382191,1.02791,0.189796,0.12832,0.00136918,0.210512,0.158822,0.00622135,0.000759
k_Bacteria.p_Bacteroidetes.c_Bacteroidia.o_Bacteroidales.f_Bacteroidaceae.g_Bacteroides.s_Bacteroides_vulgatus,s_Bacteroides_vulgatus,1.90E-07,4745,-4700.13,0.2109,0.0307,0.5668,0.1008,2.1208,0.1029,0.148645,0.0829886,-0.000713702,0.00757737,-9.31E-05,8.46E-05,-0.0877751,0.047958,0.0371792,0.00690848,1.51E-08,4.98E-09,0.147647,0.0437386,0.329072,0.000343317,0.0249835,0.00192378,0.195059,0.0346863,0.0121119,4.50E-05
k_Bacteria.p_Bacteroidetes.c_Bacteroidia.o_Bacteroidales.f_Bacteroidaceae.g_Bacteroides.s_Bacteroides_xylanisolvens,s_Bacteroides_xylanisolvens,0.83,4745,-3653.97,0.0088,0.0338,0.0151,0.0585,1.7012,0.068,-0.0286873,0.0664526,0.000934783,0.00609233,-2.92E-05,6.83E-05,0.00131655,0.03844,-0.00820374,0.0055308,-2.90E-08,4.00E-09,0.0378761,0.035005,0.198437,0.000588956,0.00246686,4.33E-07,0.00949706,0.128203,0.000797065,1
k_Bacteria.p_Bacteroidetes.c_Bacteroidia.o_Bacteroidales.f_Bacteroidales_noname,f_Bacteroidales_noname,0.00078,4745,-4290.98,0.1503,0.0318,0.3388,0.0829,1.9149,0.0877,-0.0323628,0.0761318,0.0261088,0.00696329,-0.000322809,7.78E-05,0.0504517,0.043991,0.00262385,0.00633745,6.43E-08,4.57E-09,-0.0996893,0.0401163,0.926145,0.459447,0.300645,0.000635572,0.000971503,0.628352,0.00552154,0.15912
k_Bacteria.p_Bacteroidetes.c_Bacteroidia.o_Bacteroidales.f_Bacteroidales_noname.g_Bacteroidales_noname,g_Bacteroidales_noname,0.00077,4745,-4290.91,0.1504,0.0318,0.3389,0.0829,1.9147,0.0877,-0.0325396,0.0761308,0.0260751,0.00696319,-0.000322464,7.78E-05,0.0505957,0.0439904,0.00263785,0.00633736,6.43E-08,4.57E-09,-0.099538,0.0401157,0.926337,0.458261,0.300003,0.000639205,0.000981892,0.628659,0.0055048,0.15785
k_Bacteria.p_Bacteroidetes.c_Bacteroidia.o_Bacteroidales.f_Bacteroidales_noname.g_Bacteroidales_noname.s_Bacteroidales_bacterium_ph8,s_Bacteroidales_bacterium_ph8,0.00075,4745,-4291.87,0.1508,0.0318,0.34,0.0829,1.9145,0.0877,-0.0319593,0.0761464,0.0258457,0.00696454,-0.000320824,7.78E-05,0.0501789,0.0439993,0.00330967,0.00633866,6.42E-08,4.57E-09,-0.0965138,0.040124,0.935401,0.450234,0.296958,0.000628718,0.00154574,0.626939,0.00517538,0.1545
k_Bacteria.p_Bacteroidetes.c_Bacteroidia.o_Bacteroidales.f_Porphyromonadaceae,f_Porphyromonadaceae,0.32,4745,-1607.05,0.0467,0.0333,0.0339,0.0253,0.6907,0.0286,0.0433093,0.0431994,0.0208855,0.0039589,-0.00028739,4.43E-05,0.0226045,0.0249769,0.0314376,0.00359566,5.85E-08,2.60E-09,0.0569362,0.0227575,1.48462,0.294003,0.23829,0.000127586,0.139464,0.519241,0.00180111,1
k_Bacteria.p_Bacteroidetes.c_Bacteroidia.o_Bacteroidales.f_Porphyromonadaceae.g_Barnesiella,g_Barnesiella,0.33,4745,-3440.18,0.0429,0.0334,0.0674,0.0547,1.5015,0.062,-0.213922,0.0635669,0.0118575,0.00582569,-0.000160493,6.52E-05,0.175267,0.0367543,-0.00228915,0.00529089,4.28E-08,3.83E-09,-0.0594519,0.0334868,0.311077,0.0947651,0.0743143,0.00767036,0.000739461,0.278,0.00196379,1
k_Bacteria.p_Bacteroidetes.c_Bacteroidia.o_Bacteroidales.f_Porphyromonadaceae.g_Barnesiella.s_Barnesiella_intestinihominis,s_Barnesiella_intestinihominis,0.34,4745,-3438.61,0.0426,0.0334,0.0668,0.0546,1.5011,0.062,-0.212961,0.0635455,0.0116422,0.00582376,-0.000159135,6.52E-05,0.174697,0.0367421,-0.00167522,0.00528911,4.27E-08,3.82E-09,-0.0566764,0.0334755,0.315833,0.0913551,0.0730626,0.00762048,0.000396013,0.277424,0.00178471,1
k_Bacteria.p_Bacteroidetes.c_Bacteroidia.o_Bacteroidales.f_Porphyromonadaceae.g_Coprobacter,g_Coprobacter,0.72,4745,-2966.35,0.0154,0.0337,0.0198,0.044,1.2647,0.0508,-0.13036,0.0574959,-0.0201274,0.00527088,0.00024889,5.90E-05,0.0794374,0.0332558,-0.0037457,0.00478539,-1.76E-08,3.46E-09,0.0383426,0.0302872,0.149622,0.273047,0.178722,0.00157566,0.00197985,0.0473372,0.000816819,1
k_Bacteria.p_Bacteroidetes.c_Bacteroidia.o_Bacteroidales.f_Porphyromonadaceae.g_Coprobacter.s_Coprobacter_fastidiosus,s_Coprobacter_fastidiosus,0.73,4745,-2953.06,0.0145,0.0337,0.0185,0.0437,1.2588,0.0506,-0.130193,0.057334,-0.020162,0.00525609,0.00024838,5.89E-05,0.0793654,0.0331626,-0.00334721,0.00477191,-1.78E-08,3.45E-09,0.0402005,0.0302019,0.14775,0.273985,0.17799,0.00157281,0.001581,0.0480619,0.000897894,1
k_Bacteria.p_Bacteroidetes.c_Bacteroidia.o_Bacteroidales.f_Porphyromonadaceae.g_Odoribacter,g_Odoribacter,0.21,4745,-2276.57,0.0533,0.0333,0.0512,0.0337,0.9096,0.038,0.0190172,0.049751,0.000123905,0.0045589,-6.57E-05,5.10E-05,0.00680276,0.0287628,0.00667044,0.004141,2.98E-08,2.99E-09,0.00766157,0.0262091,0.143471,1.03E-05,0.0124611,1.16E-05,0.00627876,0.134631,3.26E-05,1
k_Bacteria.p_Bacteroidetes.c_Bacteroidia.o_Bacteroidales.f_Porphyromonadaceae.g_Odoribacter.s_Odoribacter_splanchnicus,s_Odoribacter_splanchnicus,0.022,4745,-585.77,0.0969,0.0327,0.0457,0.0169,0.426,0.0185,0.0183355,0.0348568,-0.000257345,0.00319183,-4.98E-05,3.57E-05,0.0109907,0.0201449,0.0118911,0.00290144,2.94E-08,2.10E-09,0.0171326,0.0183645,0.19665,4.46E-05,0.00715447,3.02E-05,0.0199531,0.131233,0.000163083,1
k_Bacteria.p_Bacteroidetes.c_Bacteroidia.o_Bacteroidales.f_Porphyromonadaceae.g_Odoribacter.s_Odoribacter_unclassified,s_Odoribacter_unclassified,1,4745,1204.33,0,0.0339,0,0.0077,0.2267,0.009,0.0102998,0.024148,-0.00159578,0.00221403,3.27E-06,2.48E-05,-0.0116127,0.0139705,-0.00400352,0.00200979,2.40E-10,1.45E-09,-0.00243826,0.0127202,0.00645508,0.00171636,3.09E-05,3.37E-05,0.00226177,8.77E-06,3.30E-06,1
k_Bacteria.p_Bacteroidetes.c_Bacteroidia.o_Bacteroidales.f_Porphyromonadaceae.g_Parabacteroides,g_Parabacteroides,0.00013,4745,-2084.68,0.1761,0.0313,0.1568,0.033,0.7337,0.0344,0.142161,0.0478249,0.0168151,0.00437127,-0.000252815,4.88E-05,-0.0679207,0.0276346,0.0316363,0.00398117,3.03E-08,2.87E-09,0.0964076,0.0252026,0.724558,0.190572,0.184402,0.00115191,0.141233,0.139871,0.00516399,0.02834
k_Bacteria.p_Bacteroidetes.c_Bacteroidia.o_Bacteroidales.f_Porphyromonadaceae.g_Parabacteroides.s_Parabacteroides_distasonis,s_Parabacteroides_distasonis,1.70E-06,4745,-3432.48,0.2262,0.0304,0.3567,0.0594,1.2203,0.0601,0.0783928,0.0635284,0.010839,0.00579762,-0.000153228,6.47E-05,-0.0600375,0.036715,0.00364818,0.00528853,-1.45E-08,3.81E-09,0.0524408,0.0334843,0.00955779,0.0791841,0.0677392,0.000900033,0.00187809,0.0317547,0.00152793,0.0003927
k_Bacteria.p_Bacteroidetes.c_Bacteroidia.o_Bacteroidales.f_Porphyromonadaceae.g_Parabacteroides.s_Parabacteroides_goldsteinii,s_Parabacteroides_goldsteinii,0.42,4745,-1067.74,0.0434,0.0334,0.025,0.0201,0.5521,0.0228,-0.0601202,0.038556,-0.00677134,0.00353352,3.56E-05,3.96E-05,0.0405863,0.022293,0.00268883,0.00320915,-2.79E-09,2.32E-09,-0.00149602,0.0203112,0.0145813,0.0309037,0.00365891,0.000411313,0.00102022,0.00118121,1.24E-06,1
k_Bacteria.p_Bacteroidetes.c_Bacteroidia.o_Bacteroidales.f_Porphyromonadaceae.g_Parabacteroides.s_Parabacteroides_johnsonii,s_Parabacteroides_johnsonii,0.37,4745,-1978.32,0.0447,0.0334,0.0378,0.0296,0.8094,0.0335,-0.0388207,0.0467137,0.00117175,0.00428107,-3.74E-05,4.79E-05,0.0292208,0.0270093,-0.00390361,0.00388815,-2.72E-09,2.81E-09,-0.0099083,0.0246087,0.0115932,0.00092541,0.00403692,0.000213204,0.00215029,0.00112587,5.45E-05,1
k_Bacteria.p_Bacteroidetes.c_Bacteroidia.o_Bacteroidales.f_Porphyromonadaceae.g_Parabacteroides.s_Parabacteroides_merdae,s_Parabacteroides_merdae,9.70E-06,4745,-3243.03,0.1891,0.0311,0.2746,0.0541,1.1775,0.056,0.197859,0.0610483,0.012717,0.00557783,-0.000248392,6.23E-05,-0.119361,0.0352764,0.0213295,0.00508198,1.40E-08,3.66E-09,0.062758,0.0321725,0.199512,0.109002,0.178007,0.00355744,0.0641985,0.0298429,0.00218827,0.0021728
k_Bacteria.p_Bacteroidetes.c_Bacteroidia.o_Bacteroidales.f_Porphyromonadaceae.g_Parabacteroides.s_Parabacteroides_unclassified,s_Parabacteroides_unclassified,0.054,4745,-2156,0.0943,0.0327,0.0862,0.0328,0.8281,0.0359,-0.0267552,0.0485281,0.000916435,0.00444393,3.24E-06,4.97E-05,0.028294,0.0280464,0.00623133,0.00403941,5.87E-09,2.92E-09,0.0974522,0.0255671,0.050683,0.000566063,3.04E-05,0.000199895,0.00547931,0.00524474,0.00527651,1
k_Bacteria.p_Bacteroidetes.c_Bacteroidia.o_Bacteroidales.f_Prevotellaceae,f_Prevotellaceae,0.00039,4745,-6576.57,0.1521,0.0318,0.8981,0.2173,5.0081,0.2297,0.842866,0.123243,0.0173244,0.0112718,-0.000240776,0.000125977,-0.553949,0.0712128,0.0324654,0.0102591,6.89E-09,7.40E-09,0.0859338,0.0649409,0.417341,0.202292,0.167259,0.0766218,0.148732,0.00721655,0.00410291,0.08151
k_Bacteria.p_Bacteroidetes.c_Bacteroidia.o_Bacteroidales.f_Prevotellaceae.g_Paraprevotella,g_Paraprevotella,0.0011,4745,-3441.53,0.1389,0.032,0.2187,0.0576,1.3559,0.0614,0.286295,0.0636501,0.029018,0.00582328,-0.000299938,6.51E-05,-0.190926,0.0367793,0.00573047,0.00529838,-2.26E-09,3.82E-09,0.0948082,0.0335381,0.152338,0.567539,0.259553,0.00910216,0.00463389,0.000776872,0.00499407,0.2211
k_Bacteria.p_Bacteroidetes.c_Bacteroidia.o_Bacteroidales.f_Prevotellaceae.g_Paraprevotella.s_Paraprevotella_clara,s_Paraprevotella_clara,0.039,4745,-314.02,0.0839,0.0328,0.0353,0.015,0.3852,0.0166,0.0518142,0.0329121,0.011729,0.00301445,-0.000108271,3.37E-05,-0.038409,0.0190226,-0.000564829,0.00273953,-5.51E-09,1.98E-09,0.0682858,0.0173394,0.0129523,0.0927223,0.0338212,0.000368365,4.50E-05,0.00460812,0.00259074,1
k_Bacteria.p_Bacteroidetes.c_Bacteroidia.o_Bacteroidales.f_Prevotellaceae.g_Paraprevotella.s_Paraprevotella_unclassified,s_Paraprevotella_unclassified,0.0034,4745,-3106.98,0.1252,0.0322,0.1711,0.0497,1.1955,0.0535,0.255629,0.0593124,0.027566,0.00542811,-0.000284703,6.07E-05,-0.1719,0.0342741,0.00486964,0.00493724,-5.17E-09,3.56E-09,0.0948021,0.0312513,0.112107,0.512162,0.233855,0.00737846,0.00334626,0.004065,0.00499343,0.646
k_Bacteria.p_Bacteroidetes.c_Bacteroidia.o_Bacteroidales.f_Prevotellaceae.g_Paraprevotella.s_Paraprevotella_xylaniphila,s_Paraprevotella_xylaniphila,0.0029,4745,-2942.33,0.1229,0.0322,0.1567,0.0463,1.1182,0.0499,-0.206548,0.0572886,-0.0010046,0.00524317,-9.85E-06,5.86E-05,0.132331,0.0331049,-0.0108222,0.00476877,-1.40E-08,3.44E-09,0.041454,0.0301848,0.0975237,0.000680215,0.000279793,0.00437258,0.016527,0.0297842,0.000954762,0.5568
k_Bacteria.p_Bacteroidetes.c_Bacteroidia.o_Bacteroidales.f_Prevotellaceae.g_Prevotella,g_Prevotella,0.00034,4745,-6884.38,0.1545,0.0317,1.039,0.2477,5.6863,0.2615,0.697302,0.131504,-0.00218617,0.0120266,-7.29E-05,0.000134409,-0.456988,0.0759861,0.0292015,0.0109468,-4.16E-09,7.90E-09,0.00811274,0.0692944,0.0845923,0.00322128,0.0153255,0.0521463,0.12033,0.00263068,3.66E-05,0.0714
k_Bacteria.p_Bacteroidetes.c_Bacteroidia.o_Bacteroidales.f_Prevotellaceae.g_Prevotella.s_Prevotella_copri,s_Prevotella_copri,0.00016,4745,-6829.55,0.1589,0.0316,1.0447,0.2425,5.5285,0.2553,0.624315,0.129995,-0.00224292,0.0118872,-7.57E-05,0.000132843,-0.406016,0.0751138,0.0217751,0.0108212,-1.44E-09,7.81E-09,0.0221366,0.0685,0.0609815,0.0033907,0.0165117,0.0411623,0.0669092,0.000316,0.00027226,0.03472
k_Bacteria.p_Bacteroidetes.c_Bacteroidia.o_Bacteroidales.f_Prevotellaceae.g_Prevotella.s_Prevotella_stercorea,s_Prevotella_stercorea,1,4745,-1476.5,0,0.0339,0,0.0234,0.6897,0.0273,0.164574,0.0421194,-0.000730966,0.00386174,2.55E-05,4.33E-05,-0.113115,0.0243675,0.0107118,0.00350551,-6.33E-09,2.54E-09,-0.0321555,0.0221868,0.00802494,0.000360127,0.00187265,0.00319485,0.0161916,0.00608674,0.00057448,1
k_Bacteria.p_Bacteroidetes.c_Bacteroidia.o_Bacteroidales.f_Rikenellaceae,f_Rikenellaceae,0.32,4745,-2019.13,0.0423,0.0334,0.0364,0.03,0.8255,0.0341,-0.102848,0.0471154,0.0253569,0.004318,-0.000332808,4.83E-05,0.152997,0.0272423,0.0388927,0.00392157,1.17E-07,2.84E-09,-0.109889,0.0248202,3.94175,0.433364,0.319557,0.00584494,0.213453,2.07765,0.0067092,1
k_Bacteria.p_Bacteroidetes.c_Bacteroidia.o_Bacteroidales.f_Rikenellaceae.g_Alistipes,g_Alistipes,0.3,4745,-2017.81,0.0443,0.0334,0.0382,0.03,0.8232,0.0341,-0.103428,0.0471038,0.0253577,0.00431683,-0.000332821,4.83E-05,0.153254,0.027235,0.038891,0.00392062,1.17E-07,2.84E-09,-0.109565,0.0248142,3.94293,0.433393,0.319582,0.00586456,0.213434,2.07807,0.00666969,1
k_Bacteria.p_Bacteroidetes.c_Bacteroidia.o_Bacteroidales.f_Rikenellaceae.g_Alistipes.s_Alistipes_finegoldii,s_Alistipes_finegoldii,0.00027,4745,-4092.29,0.1533,0.0317,0.3178,0.0763,1.7552,0.0806,-0.242464,0.0730105,-0.0254115,0.0066773,9.95E-05,7.46E-05,0.186327,0.0421873,-0.00162179,0.00607763,3.94E-08,4.38E-09,0.0292498,0.0384719,0.0903255,0.435233,0.0285664,0.00866887,0.000371153,0.236361,0.000475345,0.05697
k_Bacteria.p_Bacteroidetes.c_Bacteroidia.o_Bacteroidales.f_Rikenellaceae.g_Alistipes.s_Alistipes_indistinctus,s_Alistipes_indistinctus,0.0087,4745,-3170.14,0.1124,0.0324,0.1576,0.0507,1.2451,0.055,-0.104652,0.0601016,-0.00741065,0.00550183,-1.12E-05,6.15E-05,0.0767377,0.0347318,-0.00725256,0.00500287,2.58E-08,3.61E-09,-0.0102695,0.031666,0.0300437,0.0370147,0.000363509,0.00147039,0.00742245,0.100833,5.86E-05,1
k_Bacteria.p_Bacteroidetes.c_Bacteroidia.o_Bacteroidales.f_Rikenellaceae.g_Alistipes.s_Alistipes_onderdonkii,s_Alistipes_onderdonkii,0.038,4745,-5098.02,0.0866,0.0328,0.2736,0.1128,2.885,0.1243,-0.170264,0.0902052,-0.00369782,0.00826162,4.12E-05,9.24E-05,0.147092,0.052136,0.00479929,0.0075085,6.68E-08,5.43E-09,-0.149566,0.0475239,0.619439,0.00921622,0.00488914,0.00540244,0.00325027,0.677319,0.0124288,1
k_Bacteria.p_Bacteroidetes.c_Bacteroidia.o_Bacteroidales.f_Rikenellaceae.g_Alistipes.s_Alistipes_putredinis,s_Alistipes_putredinis,0.024,4745,-5065.24,0.1173,0.0323,0.3659,0.1131,2.7527,0.1222,-0.0715948,0.0896096,-0.000795722,0.00820221,-9.60E-05,9.17E-05,0.110258,0.051783,0.0388015,0.00745916,9.89E-08,5.39E-09,-0.211758,0.0472136,2.0568,0.00042676,0.0266057,0.00303553,0.212453,1.48732,0.0249139,1
k_Bacteria.p_Bacteroidetes.c_Bacteroidia.o_Bacteroidales.f_Rikenellaceae.g_Alistipes.s_Alistipes_senegalensis,s_Alistipes_senegalensis,0.0042,4745,-4299.65,0.1184,0.0323,0.2673,0.0819,1.9913,0.0885,0.0390145,0.076258,-0.00794955,0.00697997,0.000120589,7.80E-05,-0.0312968,0.0440673,-0.0216899,0.00634777,1.03E-08,4.58E-09,-0.0204372,0.0401791,0.0366792,0.0425938,0.0419543,0.000244576,0.0663864,0.0162683,0.000232062,0.7938
k_Bacteria.p_Bacteroidetes.c_Bacteroidia.o_Bacteroidales.f_Rikenellaceae.g_Alistipes.s_Alistipes_shahii,s_Alistipes_shahii,0.0028,4745,-4986.51,0.1341,0.0321,0.4049,0.1103,2.6141,0.1179,0.142177,0.0881444,-0.00118638,0.00806513,-6.73E-05,9.02E-05,-0.058498,0.0509336,0.00904841,0.00733731,8.28E-08,5.30E-09,-0.128238,0.0464438,0.927296,0.000948656,0.0130599,0.000854467,0.0115534,1.04152,0.00913679,0.5404
k_Bacteria.p_Bacteroidetes.c_Bacteroidia.o_Bacteroidales.f_Rikenellaceae.g_Alistipes.s_Alistipes_sp_AP11,s_Alistipes_sp_AP11,0.0099,4745,-1869.79,0.0985,0.0326,0.0799,0.0291,0.7306,0.0318,-0.143272,0.0456895,0.00162565,0.00418365,-7.29E-05,4.68E-05,0.105561,0.0264052,0.00286662,0.00380315,2.90E-08,2.75E-09,-0.0212085,0.0240718,0.119161,0.00178122,0.0153518,0.00278241,0.0011596,0.127663,0.000249911,1
k_Bacteria.p_Bacteroidetes.c_Bacteroidia.o_Bacteroidales.f_Rikenellaceae.g_Alistipes.s_Alistipes_unclassified,s_Alistipes_unclassified,0.12,4745,-1646.09,0.0791,0.0329,0.0583,0.0262,0.6788,0.029,-0.13153,0.0435763,0.00853599,0.00399153,-4.78E-05,4.47E-05,0.0908091,0.0251872,-0.00319313,0.00362717,3.56E-09,2.62E-09,-0.0208604,0.0229575,0.0221501,0.04911,0.00659517,0.00205907,0.00143879,0.00192193,0.000241774,1
k_Bacteria.p_Firmicutes,p_Firmicutes,0.06,4745,-479.25,0.0623,0.0332,0.0281,0.0159,0.4225,0.0178,0.0766624,0.0340698,0.0410887,0.00312156,-0.000396391,3.49E-05,0.0273942,0.0196952,0.0277923,0.00283582,1.04E-07,2.05E-09,0.00357899,0.0179485,4.08241,1.1379,0.453324,0.000187383,0.108996,1.6492,7.12E-06,1
k_Bacteria.p_Firmicutes.c_Bacilli,c_Bacilli,0.2,4745,-3322.41,0.0592,0.0332,0.0883,0.0525,1.405,0.059,-0.00662485,0.0620244,0.0033158,0.0056831,-8.26E-06,6.36E-05,-0.00749927,0.0358564,-0.00359141,0.00516262,-2.67E-08,3.73E-09,-0.00618567,0.0326752,0.0984489,0.00741036,0.00019682,1.40E-05,0.0018201,0.108543,2.13E-05,1
k_Bacteria.p_Firmicutes.c_Bacilli.o_Lactobacillales,o_Lactobacillales,0.16,4745,-3325.07,0.0667,0.0331,0.0997,0.0528,1.3956,0.059,0.00573048,0.0620658,0.00358196,0.00568627,-6.89E-06,6.36E-05,-0.0153848,0.0358779,-0.00338483,0.00516611,-2.77E-08,3.73E-09,0.00431576,0.0326975,0.0977569,0.00864773,0.000136995,5.91E-05,0.00161673,0.116612,1.03E-05,1
k_Bacteria.p_Firmicutes.c_Bacilli.o_Lactobacillales.f_Lactobacillaceae,f_Lactobacillaceae,0.37,4745,-1480.43,0.0344,0.0335,0.0236,0.0238,0.6631,0.0272,0.00591494,0.042053,0.00500786,0.00385441,-5.33E-05,4.32E-05,0.00148168,0.0243175,-0.00583532,0.00350017,-8.67E-09,2.53E-09,-0.0187056,0.022153,0.0188179,0.0169031,0.00820438,5.48E-07,0.00480501,0.0114157,0.000194405,1
k_Bacteria.p_Firmicutes.c_Bacilli.o_Lactobacillales.f_Lactobacillaceae.g_Lactobacillus,g_Lactobacillus,0.36,4745,-1479.99,0.0346,0.0335,0.0237,0.0238,0.6629,0.0272,0.00533081,0.0420492,0.0050233,0.00385406,-5.35E-05,4.32E-05,0.00191378,0.0243152,-0.00586067,0.00349986,-8.64E-09,2.53E-09,-0.0187214,0.022151,0.0187808,0.0170075,0.00826658,9.15E-07,0.00484685,0.0113445,0.000194732,1
k_Bacteria.p_Firmicutes.c_Bacilli.o_Lactobacillales.f_Lactobacillaceae.g_Lactobacillus.s_Lactobacillus_delbrueckii,s_Lactobacillus_delbrueckii,1,4745,-583.91,0,0.0339,0,0.0161,0.4749,0.0188,-0.0227366,0.0349483,0.000820801,0.00320426,5.79E-06,3.59E-05,0.019515,0.0202188,-0.00325417,0.00290868,-6.34E-09,2.10E-09,0.000296191,0.0184094,0.00831217,0.000454085,9.67E-05,9.51E-05,0.00149433,0.00610489,4.87E-08,1
k_Bacteria.p_Firmicutes.c_Bacilli.o_Lactobacillales.f_Streptococcaceae,f_Streptococcaceae,0.41,4745,-3245.56,0.0357,0.0335,0.0516,0.0501,1.3935,0.0572,0.0317587,0.0610047,-0.00951595,0.00559136,0.000114774,6.26E-05,-0.0336327,0.0352759,0.00826999,0.00507757,-2.92E-08,3.67E-09,0.00435401,0.0321366,0.115983,0.0610331,0.0380055,0.000282446,0.00965106,0.129364,1.05E-05,1
k_Bacteria.p_Firmicutes.c_Bacilli.o_Lactobacillales.f_Streptococcaceae.g_Streptococcus,g_Streptococcus,0.45,4745,-3181.05,0.0324,0.0335,0.0456,0.0487,1.3607,0.0556,0.0325516,0.0601774,-0.00649911,0.00551574,7.62E-05,6.18E-05,-0.0348627,0.0347989,0.00982023,0.00500869,-3.09E-08,3.62E-09,-0.0149689,0.0317006,0.112035,0.0284688,0.0167632,0.000303483,0.0136085,0.144946,0.000124493,1
k_Bacteria.p_Firmicutes.c_Bacilli.o_Lactobacillales.f_Streptococcaceae.g_Streptococcus.s_Streptococcus_parasanguinis,s_Streptococcus_parasanguinis,0.6,4745,-2249.6,0.0243,0.0336,0.0231,0.0327,0.9266,0.0376,-0.0213193,0.0494441,-0.011419,0.00453234,9.63E-05,5.08E-05,0.00717369,0.0285951,0.00691124,0.00411529,-1.23E-08,2.98E-09,0.0165334,0.0260461,0.0414166,0.0878854,0.0267436,1.28E-05,0.00674026,0.0229881,0.000151875,1
k_Bacteria.p_Firmicutes.c_Bacilli.o_Lactobacillales.f_Streptococcaceae.g_Streptococcus.s_Streptococcus_salivarius,s_Streptococcus_salivarius,1,4745,-2635.63,0,0.0339,0,0.0379,1.1198,0.0443,-0.0137916,0.0536673,-0.0089128,0.00492052,7.79E-05,5.51E-05,-0.00342184,0.0310484,0.013695,0.00446662,-2.13E-08,3.23E-09,-0.0463966,0.0282697,0.0576594,0.0535414,0.0174886,2.92E-06,0.0264659,0.0690834,0.00119601,1
k_Bacteria.p_Firmicutes.c_Bacilli.o_Lactobacillales.f_Streptococcaceae.g_Streptococcus.s_Streptococcus_thermophilus,s_Streptococcus_thermophilus,1,4745,-2135.64,0,0.0339,0,0.0319,0.9421,0.0373,0.0864958,0.0492258,-0.00524039,0.0045133,2.89E-05,5.06E-05,-0.0581937,0.0284788,0.00750596,0.00409697,-1.79E-08,2.96E-09,-0.00910129,0.0259301,0.0518728,0.0185093,0.00240177,0.000845599,0.0079502,0.0489232,4.60E-05,1
k_Bacteria.p_Firmicutes.c_Clostridia,c_Clostridia,0.095,4745,-631.79,0.0614,0.0332,0.0295,0.0169,0.451,0.019,0.0276613,0.0351815,0.0413423,0.00322346,-0.000393295,3.61E-05,0.0600677,0.020338,0.0230201,0.00292835,1.04E-07,2.12E-09,-0.00252703,0.0185341,3.89503,1.152,0.446272,0.000900937,0.0747788,1.64788,3.55E-06,1
k_Bacteria.p_Firmicutes.c_Clostridia.o_Clostridiales,o_Clostridiales,0.095,4745,-631.83,0.0613,0.0332,0.0295,0.0169,0.451,0.019,0.0276685,0.0351817,0.0413434,0.00322348,-0.000393301,3.61E-05,0.0600636,0.0203382,0.0230192,0.00292837,1.04E-07,2.12E-09,-0.00253355,0.0185342,3.89506,1.15206,0.446284,0.000900816,0.0747729,1.64789,3.57E-06,1
k_Bacteria.p_Firmicutes.c_Clostridia.o_Clostridiales.f_Clostridiaceae,f_Clostridiaceae,0.1,4745,-3768.66,0.0729,0.033,0.1314,0.0639,1.6716,0.0711,0.0996444,0.0681535,0.0161881,0.0062434,-0.000165609,6.99E-05,-0.0911151,0.0393949,-0.0122907,0.00567287,-3.27E-08,4.10E-09,0.0837526,0.0359051,0.130018,0.176625,0.0791279,0.00207297,0.0213167,0.162687,0.00389726,1
k_Bacteria.p_Firmicutes.c_Clostridia.o_Clostridiales.f_Clostridiaceae.g_Clostridium,g_Clostridium,0.058,4745,-3752.41,0.0839,0.0328,0.1504,0.0639,1.6408,0.0705,0.116352,0.0679297,0.0185506,0.00622176,-0.000193507,6.96E-05,-0.102744,0.0392621,-0.0131389,0.00565431,-3.30E-08,4.09E-09,0.0782633,0.035788,0.129318,0.231941,0.108033,0.00263588,0.0243604,0.165187,0.00340313,1
k_Bacteria.p_Firmicutes.c_Clostridia.o_Clostridiales.f_Clostridiaceae.g_Clostridium.s_Clostridium_asparagiforme,s_Clostridium_asparagiforme,0.23,4745,-2077.94,0.0478,0.0333,0.0423,0.0309,0.8413,0.0349,0.18174,0.0477073,0.0123864,0.00437194,-0.000160666,4.89E-05,-0.130922,0.0275829,-0.00761081,0.00397087,-1.58E-08,2.87E-09,0.0413949,0.0251322,0.0415369,0.103407,0.0744746,0.00427995,0.00817385,0.0380826,0.000952042,1
k_Bacteria.p_Firmicutes.c_Clostridia.o_Clostridiales.f_Clostridiaceae.g_Clostridium.s_Clostridium_bolteae,s_Clostridium_bolteae,0.59,4745,-1044.46,0.0279,0.0336,0.016,0.0197,0.5555,0.0226,0.0811963,0.0383567,0.00359904,0.00351588,-5.51E-05,3.94E-05,-0.05783,0.0221819,-0.0058759,0.00319249,-5.73E-09,2.31E-09,0.044281,0.0202057,0.012776,0.00873043,0.00877191,0.000835064,0.00487207,0.00499067,0.00108943,1
k_Bacteria.p_Firmicutes.c_Clostridia.o_Clostridiales.f_Clostridiaceae.g_Clostridium.s_Clostridium_hathewayi,s_Clostridium_hathewayi,0.88,4745,-600.6,0.0059,0.0338,0.0028,0.0161,0.471,0.0188,0.0750533,0.0349156,0.0181101,0.00320112,-0.00021754,3.59E-05,-0.0554931,0.0201981,-0.0090708,0.00290599,-9.88E-09,2.10E-09,0.00649021,0.0183923,0.0119893,0.221057,0.136534,0.000768937,0.0116106,0.014828,2.34E-05,1
k_Bacteria.p_Firmicutes.c_Clostridia.o_Clostridiales.f_Clostridiaceae.g_Clostridium.s_Clostridium_leptum,s_Clostridium_leptum,0.026,4745,-3184.03,0.0925,0.0327,0.1304,0.0505,1.2795,0.0555,0.181989,0.0602667,0.013489,0.00551907,-0.000137938,6.17E-05,-0.135944,0.034831,-0.00485204,0.00501651,-3.70E-08,3.62E-09,0.100025,0.0317515,0.127319,0.122637,0.0548949,0.00461459,0.00332211,0.207725,0.00555874,1
k_Bacteria.p_Firmicutes.c_Clostridia.o_Clostridiales.f_Clostridiales_noname,f_Clostridiales_noname,0.035,4745,-3549.34,0.0898,0.0328,0.1477,0.0588,1.4968,0.0647,0.0198142,0.0650882,-0.0012686,0.00596088,0.000148952,6.67E-05,-0.0225658,0.0376182,-0.0215699,0.00541783,-3.72E-08,3.91E-09,0.00136802,0.0342915,0.328779,0.00108471,0.0640113,0.000127149,0.065654,0.210214,1.04E-06,1
k_Bacteria.p_Firmicutes.c_Clostridia.o_Clostridiales.f_Clostridiales_noname.g_Flavonifractor,g_Flavonifractor,0.3,4745,-3285.55,0.0413,0.0334,0.0608,0.0512,1.4091,0.0581,0.0598617,0.061527,0.0195361,0.00563886,-0.000137755,6.31E-05,-0.0448281,0.0355756,-0.0233891,0.00512109,-3.02E-08,3.70E-09,-0.0131097,0.0324121,0.158561,0.25724,0.0547491,0.000501781,0.0771952,0.138907,9.55E-05,1
k_Bacteria.p_Firmicutes.c_Clostridia.o_Clostridiales.f_Clostridiales_noname.g_Flavonifractor.s_Flavonifractor_plautii,s_Flavonifractor_plautii,0.3,4745,-3271.86,0.041,0.0334,0.0599,0.0509,1.4014,0.0578,0.0590778,0.0613495,0.0194822,0.00562261,-0.000137882,6.30E-05,-0.0442141,0.035473,-0.0231151,0.00510631,-3.03E-08,3.69E-09,-0.0115972,0.0323185,0.156914,0.255821,0.0548502,0.000488128,0.0753978,0.139319,7.47E-05,1
k_Bacteria.p_Firmicutes.c_Clostridia.o_Clostridiales.f_Clostridiales_noname.g_Pseudoflavonifractor,g_Pseudoflavonifractor,0.19,4745,-3413.84,0.0549,0.0332,0.0852,0.0545,1.4667,0.0613,0.0446583,0.0632272,-0.0263727,0.00579366,0.000357191,6.48E-05,-0.035828,0.0365533,0.000932032,0.0052627,-3.21E-08,3.80E-09,0.099686,0.0333086,0.252212,0.46878,0.368097,0.000320523,0.000122582,0.156206,0.00552118,1
k_Bacteria.p_Firmicutes.c_Clostridia.o_Clostridiales.f_Clostridiales_noname.g_Pseudoflavonifractor.s_Pseudoflavonifractor_capillosus,s_Pseudoflavonifractor_capillosus,0.18,4745,-3401.02,0.0561,0.0332,0.0865,0.0542,1.457,0.061,0.0438402,0.0630577,-0.0263637,0.00577803,0.000356442,6.47E-05,-0.0353391,0.0364549,0.0011347,0.0052486,-3.20E-08,3.79E-09,0.0999486,0.0332193,0.250042,0.468462,0.366555,0.000311835,0.000181687,0.155885,0.0055503,1
k_Bacteria.p_Firmicutes.c_Clostridia.o_Clostridiales.f_Eubacteriaceae,f_Eubacteriaceae,0.47,4745,-3015.83,0.0302,0.0335,0.0396,0.0453,1.2721,0.0519,-0.0299085,0.0581157,0.0168814,0.0053269,-0.000154877,5.97E-05,0.0533183,0.0336076,0.00946265,0.00483708,5.03E-08,3.50E-09,-0.0453438,0.0306144,0.788515,0.192079,0.0692044,0.000709848,0.0126354,0.384107,0.00114235,1
k_Bacteria.p_Firmicutes.c_Clostridia.o_Clostridiales.f_Eubacteriaceae.g_Eubacterium,g_Eubacterium,0.43,4745,-3018.96,0.0327,0.0335,0.0429,0.0455,1.2705,0.052,-0.0299385,0.0581567,0.0168445,0.00533051,-0.000154948,5.97E-05,0.0531176,0.0336303,0.00956071,0.00484051,5.03E-08,3.50E-09,-0.0453889,0.0306362,0.788896,0.191239,0.0692686,0.000704514,0.0128987,0.384166,0.00114462,1
k_Bacteria.p_Firmicutes.c_Clostridia.o_Clostridiales.f_Eubacteriaceae.g_Eubacterium.s_Eubacterium_eligens,s_Eubacterium_eligens,0.51,4745,-3019.82,0.0287,0.0336,0.0377,0.0454,1.2762,0.052,-0.293439,0.0581628,0.00784798,0.00533131,4.24E-05,5.97E-05,0.191767,0.0336355,-0.024122,0.00484099,-1.33E-08,3.50E-09,0.0459608,0.0306392,0.0660252,0.0415123,0.00518878,0.00918249,0.082109,0.0269685,0.00117365,1
k_Bacteria.p_Firmicutes.c_Clostridia.o_Clostridiales.f_Eubacteriaceae.g_Eubacterium.s_Eubacterium_hallii,s_Eubacterium_hallii,0.52,4745,-3754.98,0.0281,0.0336,0.0503,0.0618,1.7408,0.0709,-0.0399684,0.0679091,0.000731137,0.00622471,8.32E-05,6.97E-05,0.0185045,0.0392721,-0.0150351,0.00565218,-4.11E-08,4.09E-09,0.00487528,0.0357733,0.322154,0.000360296,0.0199638,8.55E-05,0.0318991,0.256641,1.32E-05,1
k_Bacteria.p_Firmicutes.c_Clostridia.o_Clostridiales.f_Eubacteriaceae.g_Eubacterium.s_Eubacterium_ramulus,s_Eubacterium_ramulus,0.052,4745,-3665.41,0.0887,0.0328,0.1531,0.0618,1.5738,0.068,0.0347839,0.066699,-0.00215031,0.00610853,8.14E-05,6.83E-05,-0.0378949,0.0385495,-0.0104609,0.0055519,-2.98E-08,4.01E-09,-0.128042,0.03514,0.256998,0.00311647,0.0190968,0.00035857,0.0154419,0.134812,0.00910891,1
k_Bacteria.p_Firmicutes.c_Clostridia.o_Clostridiales.f_Eubacteriaceae.g_Eubacterium.s_Eubacterium_rectale,s_Eubacterium_rectale,0.26,4745,-3745.43,0.045,0.0334,0.0802,0.0623,1.7041,0.0705,0.0726607,0.0677929,-0.00308706,0.00621284,-6.09E-05,6.96E-05,-0.0254532,0.0391969,0.0232086,0.00564265,3.37E-08,4.08E-09,-0.0343877,0.0357131,0.281868,0.00642319,0.010705,0.000161769,0.0760087,0.172594,0.000657005,1
k_Bacteria.p_Firmicutes.c_Clostridia.o_Clostridiales.f_Eubacteriaceae.g_Eubacterium.s_Eubacterium_siraeum,s_Eubacterium_siraeum,0.41,4745,-4676.47,0.0382,0.0335,0.1009,0.0918,2.5407,0.1045,-0.295835,0.08248,0.0151902,0.00755946,-1.46E-05,8.46E-05,0.188693,0.0476925,-0.0233316,0.00686504,4.40E-09,4.96E-09,-0.100806,0.0434498,0.0443046,0.155521,0.0006119,0.00889051,0.0768162,0.0029477,0.00564593,1
k_Bacteria.p_Firmicutes.c_Clostridia.o_Clostridiales.f_Eubacteriaceae.g_Eubacterium.s_Eubacterium_ventriosum,s_Eubacterium_ventriosum,0.045,4745,-3092.78,0.0851,0.0328,0.1155,0.0484,1.241,0.0534,0.0161335,0.0591142,-0.00708901,0.00541422,0.000124192,6.06E-05,-0.0243184,0.0341666,-0.00264855,0.00492054,-2.46E-08,3.56E-09,-0.036377,0.0311438,0.132276,0.0338714,0.0444991,0.000147667,0.00098988,0.0922099,0.000735221,1
k_Bacteria.p_Firmicutes.c_Clostridia.o_Clostridiales.f_Lachnospiraceae,f_Lachnospiraceae,0.15,4745,-2396.22,0.0631,0.0331,0.0638,0.0356,0.947,0.0399,-0.0242873,0.051029,0.027097,0.00467535,-0.000135187,5.23E-05,0.0436553,0.0294988,-0.0145582,0.00424743,4.37E-08,3.07E-09,0.00476845,0.0268829,0.683766,0.494884,0.0527265,0.000475869,0.0299076,0.290317,1.26E-05,1
k_Bacteria.p_Firmicutes.c_Clostridia.o_Clostridiales.f_Lachnospiraceae.g_Anaerostipes,g_Anaerostipes,0.76,4745,-1087.92,0.0123,0.0337,0.0071,0.0199,0.5748,0.023,0.0508947,0.0386975,0.0103332,0.00354765,-9.26E-05,3.97E-05,-0.0407795,0.0223837,-0.00519918,0.00322078,-1.19E-08,2.33E-09,-0.0399167,0.0203846,0.0150243,0.0719662,0.0247529,0.000415238,0.00381448,0.0216539,0.000885262,1
k_Bacteria.p_Firmicutes.c_Clostridia.o_Clostridiales.f_Lachnospiraceae.g_Anaerostipes.s_Anaerostipes_hadrus,s_Anaerostipes_hadrus,0.92,4745,-1041.38,0.0039,0.0338,0.0022,0.0194,0.5684,0.0226,0.0569855,0.0383127,0.00984197,0.00351262,-8.46E-05,3.94E-05,-0.0446345,0.0221639,-0.00512288,0.00318871,-1.19E-08,2.31E-09,-0.036277,0.0201817,0.0147465,0.0652868,0.0206334,0.000497457,0.00370333,0.0215441,0.000731184,1
k_Bacteria.p_Firmicutes.c_Clostridia.o_Clostridiales.f_Lachnospiraceae.g_Blautia,g_Blautia,0.89,4745,-3144.58,0.0056,0.0338,0.0078,0.0471,1.3768,0.0548,-0.172507,0.0596841,-0.0171215,0.00547194,0.000263064,6.13E-05,0.106526,0.0345264,-0.00680152,0.00496743,-2.46E-08,3.59E-09,-0.0816522,0.0314394,0.238745,0.197582,0.199657,0.0028335,0.00652796,0.0916013,0.00370424,1
k_Bacteria.p_Firmicutes.c_Clostridia.o_Clostridiales.f_Lachnospiraceae.g_Blautia.s_Ruminococcus_gnavus,s_Ruminococcus_gnavus,1,4745,-716.62,0,0.0339,0,0.0171,0.5039,0.02,0.058381,0.0360005,0.00822866,0.00330073,-7.17E-05,3.70E-05,-0.0435904,0.0208276,-0.00839278,0.00299625,-4.79E-09,2.17E-09,-0.0409296,0.0189636,0.00849405,0.0456373,0.0148432,0.000474454,0.00993978,0.00348787,0.00093076,1
k_Bacteria.p_Firmicutes.c_Clostridia.o_Clostridiales.f_Lachnospiraceae.g_Blautia.s_Ruminococcus_obeum,s_Ruminococcus_obeum,0.64,4745,-3536.65,0.0205,0.0337,0.0335,0.0561,1.6001,0.0647,-0.0659039,0.0648456,-0.00307834,0.00594437,0.000102114,6.66E-05,0.0243281,0.0375042,-0.0220521,0.00539715,-4.30E-08,3.90E-09,-0.0582871,0.0341591,0.570292,0.00638696,0.0300836,0.000147785,0.068622,0.281585,0.00188759,1
k_Bacteria.p_Firmicutes.c_Clostridia.o_Clostridiales.f_Lachnospiraceae.g_Blautia.s_Ruminococcus_torques,s_Ruminococcus_torques,0.34,4745,-880.82,0.045,0.0334,0.024,0.0186,0.5094,0.0211,0.00264017,0.0370677,-0.000623623,0.00339704,4.30E-05,3.80E-05,-0.00654645,0.021432,-0.00725737,0.00308528,-1.64E-08,2.23E-09,-0.0362314,0.0195272,0.071614,0.000262124,0.00534053,1.07E-05,0.0074323,0.0409107,0.000729347,1
k_Bacteria.p_Firmicutes.c_Clostridia.o_Clostridiales.f_Lachnospiraceae.g_Butyrivibrio,g_Butyrivibrio,0.0012,4745,-2604.74,0.1675,0.0315,0.1857,0.041,0.9225,0.0429,0.0136748,0.0533641,0.0168058,0.00487871,-4.60E-05,5.45E-05,-0.0051592,0.0308351,-0.0222692,0.00444225,6.30E-09,3.20E-09,-0.0219661,0.0281208,0.0422102,0.190362,0.00609546,6.65E-06,0.0699798,0.00603072,0.000268084,0.24
k_Bacteria.p_Firmicutes.c_Clostridia.o_Clostridiales.f_Lachnospiraceae.g_Butyrivibrio.s_Butyrivibrio_crossotus,s_Butyrivibrio_crossotus,0.0013,4745,-2600.86,0.1657,0.0315,0.1833,0.0409,0.923,0.0429,0.0125024,0.0533204,0.0166339,0.00487496,-4.25E-05,5.45E-05,-0.00437181,0.0308098,-0.022363,0.0044386,6.48E-09,3.20E-09,-0.0209213,0.0280976,0.0432212,0.186488,0.00521703,4.77E-06,0.0705709,0.0063749,0.000243186,0.2587
k_Bacteria.p_Firmicutes.c_Clostridia.o_Clostridiales.f_Lachnospiraceae.g_Coprococcus,g_Coprococcus,0.65,4745,-3922.45,0.0187,0.0337,0.036,0.0659,1.886,0.0761,-0.113096,0.0703358,-0.000737403,0.00644776,0.000115368,7.22E-05,0.062824,0.0406805,-0.0269364,0.00585408,-1.17E-08,4.24E-09,-0.0990661,0.0370511,0.159512,0.000366498,0.0384,0.000985517,0.102387,0.0207859,0.00545272,1
k_Bacteria.p_Firmicutes.c_Clostridia.o_Clostridiales.f_Lachnospiraceae.g_Coprococcus.s_Coprococcus_catus,s_Coprococcus_catus,0.31,4745,-3726.42,0.0422,0.0334,0.0747,0.0617,1.6954,0.07,-0.0861305,0.0675187,0.000907348,0.00618792,2.11E-05,6.93E-05,0.042259,0.0390396,-0.0166861,0.00561981,-4.28E-08,4.06E-09,-0.016755,0.0355685,0.457608,0.000554893,0.00128355,0.000445915,0.0392895,0.278168,0.000155974,1
k_Bacteria.p_Firmicutes.c_Clostridia.o_Clostridiales.f_Lachnospiraceae.g_Coprococcus.s_Coprococcus_comes,s_Coprococcus_comes,0.023,4745,-3130.92,0.094,0.0327,0.1296,0.0494,1.2492,0.0542,-0.0547506,0.059597,0.00384267,0.00545758,2.52E-05,6.10E-05,0.0127796,0.0344436,-0.021906,0.00496077,-3.34E-08,3.58E-09,-0.0657218,0.0313987,0.338002,0.00995239,0.00182968,4.08E-05,0.0677159,0.169244,0.00239984,1
k_Bacteria.p_Firmicutes.c_Clostridia.o_Clostridiales.f_Lachnospiraceae.g_Coprococcus.s_Coprococcus_sp_ART55_1,s_Coprococcus_sp_ART55_1,1,4745,1089.69,0,0.0339,0,0.008,0.2367,0.0094,-0.0134531,0.0246743,0.00537149,0.00226228,-2.45E-05,2.53E-05,0.0140513,0.0142749,-0.00367909,0.00205359,4.81E-09,1.49E-09,-0.0403916,0.0129974,0.00934891,0.0194469,0.00172951,4.93E-05,0.00191005,0.00350899,0.000906451,1
k_Bacteria.p_Firmicutes.c_Clostridia.o_Clostridiales.f_Lachnospiraceae.g_Dorea,g_Dorea,1,4745,-2729.39,0,0.0339,0,0.0398,1.1744,0.0465,-0.0566143,0.0549604,-0.00297323,0.00503908,0.000101038,5.65E-05,0.0143959,0.0317965,-0.0225687,0.00457424,-2.43E-08,3.31E-09,-0.0983972,0.0289509,0.307281,0.00595824,0.0294529,5.17E-05,0.0718749,0.0895798,0.00537933,1
k_Bacteria.p_Firmicutes.c_Clostridia.o_Clostridiales.f_Lachnospiraceae.g_Dorea.s_Dorea_formicigenerans,s_Dorea_formicigenerans,0.095,4745,-3890.09,0.069,0.0331,0.131,0.0671,1.7665,0.0748,0.0388489,0.0699167,0.00424688,0.0064053,5.22E-05,7.17E-05,-0.0359528,0.0404153,-0.0236551,0.0058196,-3.99E-08,4.21E-09,-0.0311073,0.0368337,0.396463,0.0121563,0.00785158,0.000322758,0.0789612,0.241448,0.000537634,1
k_Bacteria.p_Firmicutes.c_Clostridia.o_Clostridiales.f_Lachnospiraceae.g_Dorea.s_Dorea_longicatena,s_Dorea_longicatena,1,4745,-3191.27,0,0.0339,0,0.0492,1.4545,0.0576,-0.0735345,0.0611644,-0.00752363,0.0056079,0.000167178,6.28E-05,0.0287147,0.0353857,-0.018259,0.00509059,-2.55E-08,3.68E-09,-0.125454,0.0322189,0.311673,0.0381519,0.0806339,0.000205883,0.0470458,0.0990831,0.00874441,1
k_Bacteria.p_Firmicutes.c_Clostridia.o_Clostridiales.f_Lachnospiraceae.g_Dorea.s_Dorea_unclassified,s_Dorea_unclassified,0.34,4745,-3083.33,0.0401,0.0334,0.0541,0.047,1.2956,0.0534,-0.0689715,0.0589588,-0.0119153,0.00540357,0.000175486,6.05E-05,0.0264626,0.0340911,-0.0115958,0.00490733,-1.06E-08,3.55E-09,-0.0156067,0.0310591,0.106249,0.0956918,0.0888477,0.000174855,0.0189743,0.0169927,0.000135328,1
k_Bacteria.p_Firmicutes.c_Clostridia.o_Clostridiales.f_Lachnospiraceae.g_Lachnospiraceae_noname,g_Lachnospiraceae_noname,0.016,4745,-3149.09,0.0997,0.0326,0.1386,0.05,1.2511,0.0546,-0.274448,0.0598289,0.0116653,0.00547824,-4.23E-05,6.13E-05,0.160536,0.0345765,-0.030524,0.0049801,-1.78E-08,3.60E-09,-0.0775958,0.0315213,0.174197,0.0917176,0.00515443,0.00643516,0.131476,0.0483508,0.00334534,1
k_Bacteria.p_Firmicutes.c_Clostridia.o_Clostridiales.f_Lachnospiraceae.g_Lachnospiraceae_noname.s_Lachnospiraceae_bacterium_1_1_57FAA,s_Lachnospiraceae_bacterium_1_1_57FAA,0.63,4745,-1205.52,0.021,0.0336,0.0129,0.021,0.5987,0.0242,0.0634577,0.0396757,0.00252335,0.00363703,-3.33E-05,4.07E-05,-0.0416906,0.0229467,-0.00751191,0.00330224,-8.04E-09,2.39E-09,0.0264552,0.0209002,0.0254494,0.00429156,0.00319045,0.000434,0.00796281,0.00983455,0.000388854,1
k_Bacteria.p_Firmicutes.c_Clostridia.o_Clostridiales.f_Lachnospiraceae.g_Lachnospiraceae_noname.s_Lachnospiraceae_bacterium_3_1_46FAA,s_Lachnospiraceae_bacterium_3_1_46FAA,1,4745,-2731.35,0,0.0339,0,0.04,1.1822,0.0468,0.0593946,0.0551426,-0.00588632,0.00505578,7.86E-05,5.67E-05,-0.0449436,0.0319019,-0.000395732,0.00458941,-2.10E-08,3.32E-09,-0.0262019,0.0290468,0.0981662,0.0233534,0.0178243,0.00050437,2.21E-05,0.0667735,0.000381441,1
k_Bacteria.p_Firmicutes.c_Clostridia.o_Clostridiales.f_Lachnospiraceae.g_Lachnospiraceae_noname.s_Lachnospiraceae_bacterium_5_1_63FAA,s_Lachnospiraceae_bacterium_5_1_63FAA,0.2,4745,-2555.06,0.0526,0.0333,0.0568,0.0379,1.0237,0.0427,0.0418244,0.0527578,0.020833,0.00483447,-0.00017218,5.41E-05,-0.0422751,0.0305014,-0.00227199,0.00439127,-3.35E-08,3.18E-09,-0.0343297,0.0277931,0.0596748,0.292527,0.0855322,0.000446254,0.000728416,0.170131,0.000654791,1
k_Bacteria.p_Firmicutes.c_Clostridia.o_Clostridiales.f_Lachnospiraceae.g_Lachnospiraceae_noname.s_Lachnospiraceae_bacterium_7_1_58FAA,s_Lachnospiraceae_bacterium_7_1_58FAA,0.0043,4745,-3320.48,0.1266,0.0322,0.1893,0.0544,1.3061,0.0585,-0.187799,0.0620426,0.0125979,0.00567779,-5.97E-05,6.35E-05,0.0921471,0.0358516,-0.0385471,0.00516451,-3.22E-08,3.73E-09,-0.103542,0.0326899,0.473184,0.106968,0.0102768,0.0021202,0.209676,0.157621,0.00595662,0.8084
k_Bacteria.p_Firmicutes.c_Clostridia.o_Clostridiales.f_Lachnospiraceae.g_Lachnospiraceae_noname.s_Lachnospiraceae_bacterium_8_1_57FAA,s_Lachnospiraceae_bacterium_8_1_57FAA,0.0031,4745,-574.32,0.151,0.0318,0.071,0.0173,0.3995,0.0183,0.0532742,0.0347852,0.000673552,0.00318152,-3.58E-06,3.56E-05,-0.0325713,0.0200998,-0.00657942,0.00289562,-8.95E-09,2.09E-09,-0.0082983,0.0183294,0.0324179,0.000305777,3.69E-05,0.0002649,0.00610858,0.012165,3.83E-05,0.5921
k_Bacteria.p_Firmicutes.c_Clostridia.o_Clostridiales.f_Lachnospiraceae.g_Roseburia,g_Roseburia,0.03,4745,-2304.67,0.0826,0.0329,0.0803,0.0347,0.8926,0.0383,-0.0111547,0.0500663,0.0133917,0.00458574,-5.26E-05,5.13E-05,0.0208852,0.0289377,-0.00862009,0.0041674,2.07E-08,3.01E-09,0.0761331,0.0263768,0.194723,0.120874,0.0079754,0.000108916,0.0104855,0.0652654,0.0032204,1
k_Bacteria.p_Firmicutes.c_Clostridia.o_Clostridiales.f_Lachnospiraceae.g_Roseburia.s_Roseburia_hominis,s_Roseburia_hominis,0.036,4745,-3556.76,0.0897,0.0328,0.148,0.059,1.5016,0.0649,-0.271199,0.06519,0.00672067,0.00597021,7.77E-05,6.68E-05,0.181589,0.0376771,-0.0420231,0.0054263,7.77E-10,3.92E-09,0.0656502,0.0343451,0.0805521,0.0304429,0.0174057,0.00823368,0.249196,9.18E-05,0.00239461,1
k_Bacteria.p_Firmicutes.c_Clostridia.o_Clostridiales.f_Lachnospiraceae.g_Roseburia.s_Roseburia_intestinalis,s_Roseburia_intestinalis,0.25,4745,-3348.32,0.0444,0.0334,0.067,0.0526,1.4423,0.0597,0.0320546,0.0623497,-0.00340078,0.00571404,6.15E-05,6.40E-05,-0.0277085,0.03605,-0.00107502,0.00518959,-9.84E-09,3.75E-09,0.0517443,0.0328457,0.0143906,0.00779504,0.0109272,0.000191707,0.00016308,0.0147084,0.00148761,1
k_Bacteria.p_Firmicutes.c_Clostridia.o_Clostridiales.f_Lachnospiraceae.g_Roseburia.s_Roseburia_inulinivorans,s_Roseburia_inulinivorans,1,4745,-3248.29,0,0.0339,0,0.0491,1.4508,0.0574,-0.00357185,0.0610853,-0.0200875,0.00560065,0.000194213,6.28E-05,-0.00790813,0.03534,0.00252885,0.00508401,-7.70E-09,3.68E-09,0.040047,0.0321773,0.0686583,0.271965,0.108822,1.56E-05,0.000902424,0.00901357,0.000891051,1
k_Bacteria.p_Firmicutes.c_Clostridia.o_Clostridiales.f_Lachnospiraceae.g_Roseburia.s_Roseburia_unclassified,s_Roseburia_unclassified,0.048,4745,-1451.29,0.0732,0.033,0.0497,0.0241,0.6292,0.0268,-0.00670777,0.0418204,0.00666829,0.00383106,-3.17E-05,4.29E-05,0.0010031,0.0241734,-0.010015,0.00348099,-7.13E-09,2.52E-09,-0.0119442,0.0220321,0.0124781,0.0299702,0.0029005,2.51E-07,0.0141536,0.00771494,7.93E-05,1
k_Bacteria.p_Firmicutes.c_Clostridia.o_Clostridiales.f_Oscillospiraceae,f_Oscillospiraceae,0.00021,4745,-2214.29,0.1603,0.0316,0.1506,0.0347,0.789,0.0365,-0.102257,0.0491481,0.0204343,0.00449413,-0.000235766,5.02E-05,0.0673225,0.0283989,0.0207424,0.00409127,2.15E-08,2.95E-09,-0.0169679,0.0258985,0.442059,0.281436,0.160371,0.0011317,0.0607132,0.07049,0.000159962,0.04515
k_Bacteria.p_Firmicutes.c_Clostridia.o_Clostridiales.f_Oscillospiraceae.g_Oscillibacter,g_Oscillibacter,0.00019,4745,-2214.56,0.1613,0.0316,0.1516,0.0347,0.7882,0.0365,-0.102542,0.049151,0.0204395,0.00449428,-0.000235866,5.02E-05,0.0675555,0.0284006,0.0207391,0.00409152,2.15E-08,2.95E-09,-0.0166527,0.0259001,0.442302,0.281579,0.160506,0.00113955,0.0606938,0.0705197,0.000154075,0.04104
k_Bacteria.p_Firmicutes.c_Clostridia.o_Clostridiales.f_Oscillospiraceae.g_Oscillibacter.s_Oscillibacter_unclassified,s_Oscillibacter_unclassified,0.00026,4745,-2220.66,0.1588,0.0316,0.1496,0.0347,0.7925,0.0366,-0.0978657,0.0492139,0.0206808,0.00450032,-0.000238372,5.03E-05,0.0641174,0.0284369,0.0211861,0.00409674,2.12E-08,2.95E-09,-0.0157893,0.025933,0.447115,0.288267,0.163935,0.00102651,0.0633386,0.068276,0.000138512,0.05564
k_Bacteria.p_Firmicutes.c_Clostridia.o_Clostridiales.f_Peptostreptococcaceae,f_Peptostreptococcaceae,0.8,4745,-394.01,0.0084,0.0338,0.0036,0.0148,0.4307,0.0172,-0.0908327,0.03343,0.0151443,0.00306485,-0.000145887,3.43E-05,0.0541138,0.0193379,-0.00547927,0.00278235,-1.57E-08,2.01E-09,-0.0256055,0.0176098,0.0167435,0.154581,0.0614038,0.000731189,0.00423653,0.0375283,0.000364274,1
k_Bacteria.p_Firmicutes.c_Clostridia.o_Clostridiales.f_Peptostreptococcaceae.g_Peptostreptococcaceae_noname,g_Peptostreptococcaceae_noname,0.84,4745,-389.33,0.0067,0.0338,0.0029,0.0147,0.4306,0.0172,-0.0918116,0.0333958,0.0153673,0.00306176,-0.000148349,3.43E-05,0.0549407,0.0193186,-0.00553396,0.0027795,-1.58E-08,2.01E-09,-0.0258292,0.0175917,0.0168232,0.159167,0.0634938,0.000753705,0.00432153,0.0379483,0.000370667,1
k_Bacteria.p_Firmicutes.c_Clostridia.o_Clostridiales.f_Peptostreptococcaceae.g_Peptostreptococcaceae_noname.s_Clostridium_bartlettii,s_Clostridium_bartlettii,0.76,4745,-582.19,0.0104,0.0338,0.0049,0.016,0.4653,0.0186,-0.0739152,0.0347841,0.0126957,0.00318893,-0.000130868,3.57E-05,0.0415893,0.0201205,-0.000512742,0.00289506,-1.50E-08,2.09E-09,-0.0413094,0.0183231,0.0119039,0.108637,0.0494113,0.000431892,3.71E-05,0.0344041,0.000948117,1
k_Bacteria.p_Firmicutes.c_Clostridia.o_Clostridiales.f_Peptostreptococcaceae.g_Peptostreptococcaceae_noname.s_Peptostreptococcaceae_noname_unclassified,s_Peptostreptococcaceae_noname_unclassified,0.34,4745,2330.47,0.035,0.0335,0.0048,0.0048,0.133,0.0055,-0.0597152,0.0188366,0.000809448,0.00172648,-1.12E-05,1.93E-05,0.037856,0.0108923,-0.00349966,0.00156782,-1.35E-09,1.13E-09,-0.000191563,0.00992291,0.00306184,0.00044161,0.000361734,0.000357835,0.00172829,0.000276144,2.04E-08,1
k_Bacteria.p_Firmicutes.c_Clostridia.o_Clostridiales.f_Ruminococcaceae,f_Ruminococcaceae,0.064,4745,-1123.44,0.0762,0.033,0.0451,0.021,0.5462,0.0233,0.0199711,0.03903,0.0362314,0.00357526,-0.000340056,4.00E-05,0.0592354,0.0225599,0.0126958,0.00324874,1.01E-07,2.35E-09,-0.0265407,0.0205622,3.10423,0.88477,0.333629,0.000876144,0.0227449,1.56031,0.000391371,1
k_Bacteria.p_Firmicutes.c_Clostridia.o_Clostridiales.f_Ruminococcaceae.g_Anaerotruncus,g_Anaerotruncus,0.24,4745,-1595.69,0.0509,0.0333,0.0367,0.0253,0.6844,0.0285,0.16216,0.043099,0.00866103,0.00394947,-4.78E-05,4.42E-05,-0.111719,0.0249177,-0.00272063,0.00358732,-2.29E-08,2.59E-09,-0.00528294,0.0227047,0.0446173,0.0505592,0.00659363,0.00311648,0.00104449,0.0793593,1.55E-05,1
k_Bacteria.p_Firmicutes.c_Clostridia.o_Clostridiales.f_Ruminococcaceae.g_Anaerotruncus.s_Anaerotruncus_colihominis,s_Anaerotruncus_colihominis,0.9,4745,-1870.16,0.005,0.0338,0.0041,0.0275,0.8051,0.032,0.196383,0.0456257,0.0144583,0.00418306,-0.00011198,4.69E-05,-0.134285,0.0263941,-0.00543525,0.00379737,-2.30E-08,2.75E-09,-0.0063452,0.0240339,0.0414781,0.140895,0.0361781,0.00450262,0.00416873,0.080613,2.24E-05,1
k_Bacteria.p_Firmicutes.c_Clostridia.o_Clostridiales.f_Ruminococcaceae.g_Anaerotruncus.s_Anaerotruncus_unclassified,s_Anaerotruncus_unclassified,0.54,4745,703.84,0.027,0.0336,0.0074,0.0094,0.2661,0.0108,0.0310361,0.0265349,-0.0032356,0.00243228,3.99E-05,2.72E-05,-0.0226198,0.0153454,0.00113798,0.00220854,-7.26E-09,1.60E-09,0.03047,0.0139781,0.00793811,0.00705622,0.00459703,0.000127759,0.000182739,0.0080079,0.00051583,1
k_Bacteria.p_Firmicutes.c_Clostridia.o_Clostridiales.f_Ruminococcaceae.g_Faecalibacterium,g_Faecalibacterium,0.14,4745,-2081.58,0.0695,0.0331,0.0615,0.0313,0.8239,0.0349,0.0640958,0.0477592,0.0284515,0.00437535,-0.000279333,4.90E-05,0.0217273,0.0276071,0.00774353,0.0039753,8.84E-08,2.87E-09,0.000692037,0.0251606,2.13486,0.545596,0.225116,0.000117876,0.00846141,1.18726,2.66E-07,1
k_Bacteria.p_Firmicutes.c_Clostridia.o_Clostridiales.f_Ruminococcaceae.g_Faecalibacterium.s_Faecalibacterium_prausnitzii,s_Faecalibacterium_prausnitzii,0.13,4745,-2085,0.0712,0.033,0.0631,0.0314,0.8235,0.035,0.0643458,0.0477947,0.0282666,0.00437848,-0.000278318,4.90E-05,0.0215004,0.0276272,0.00842805,0.00397826,8.83E-08,2.88E-09,0.00419845,0.0251794,2.15001,0.538527,0.223483,0.000115427,0.0100235,1.18423,9.79E-06,1
k_Bacteria.p_Firmicutes.c_Clostridia.o_Clostridiales.f_Ruminococcaceae.g_Ruminococcaceae_noname,g_Ruminococcaceae_noname,0.34,4745,-2979.32,0.049,0.0333,0.0633,0.0452,1.2287,0.0511,0.134025,0.057689,-0.017467,0.0052866,0.000131758,5.92E-05,-0.0840662,0.0333536,0.0122088,0.00480169,-1.74E-08,3.47E-09,0.104147,0.0303907,0.0737548,0.205635,0.0500857,0.00176464,0.0210335,0.0457508,0.00602637,1
k_Bacteria.p_Firmicutes.c_Clostridia.o_Clostridiales.f_Ruminococcaceae.g_Ruminococcaceae_noname.s_Ruminococcaceae_bacterium_D16,s_Ruminococcaceae_bacterium_D16,0.32,4745,-2965.09,0.0506,0.0333,0.0649,0.045,1.2194,0.0507,0.132641,0.0575176,-0.0174868,0.00527079,0.000131856,5.90E-05,-0.0831956,0.033254,0.0123711,0.00478744,-1.74E-08,3.46E-09,0.104286,0.0303005,0.0732497,0.206102,0.0501606,0.00172828,0.0215964,0.0459964,0.00604253,1
k_Bacteria.p_Firmicutes.c_Clostridia.o_Clostridiales.f_Ruminococcaceae.g_Ruminococcus,g_Ruminococcus,0.14,4745,-3238.25,0.0621,0.0332,0.0895,0.0508,1.3518,0.0569,-0.180104,0.0609366,0.0084996,0.00558319,-8.08E-05,6.25E-05,0.13795,0.0352266,-0.0136058,0.00507209,2.85E-08,3.67E-09,-0.153688,0.0321023,0.0654733,0.0486921,0.0188204,0.00475178,0.0261224,0.123315,0.0131232,1
k_Bacteria.p_Firmicutes.c_Clostridia.o_Clostridiales.f_Ruminococcaceae.g_Ruminococcus.s_Ruminococcus_bromii,s_Ruminococcus_bromii,0.28,4745,-2132.59,0.0473,0.0333,0.0428,0.0316,0.8614,0.0357,-0.0557993,0.0482595,0.0069672,0.00442258,-9.76E-05,4.95E-05,0.0502191,0.0279023,-0.00942036,0.00401683,2.23E-08,2.90E-09,-0.0752295,0.0254231,0.0365201,0.0327173,0.0274676,0.000629725,0.0125228,0.0756953,0.00314441,1
k_Bacteria.p_Firmicutes.c_Clostridia.o_Clostridiales.f_Ruminococcaceae.g_Ruminococcus.s_Ruminococcus_callidus,s_Ruminococcus_callidus,1,4745,-2541.48,0,0.0339,0,0.0364,1.0742,0.0425,-0.0133918,0.0525632,-0.00339332,0.00481929,6.07E-05,5.40E-05,-0.000913347,0.0304097,-0.000631585,0.00437473,-1.73E-08,3.17E-09,0.00765424,0.0276882,0.0487028,0.00776089,0.0106206,2.08E-07,5.63E-05,0.0454796,3.26E-05,1
k_Bacteria.p_Firmicutes.c_Clostridia.o_Clostridiales.f_Ruminococcaceae.g_Ruminococcus.s_Ruminococcus_lactaris,s_Ruminococcus_lactaris,0.18,4745,-2368.8,0.0594,0.0332,0.0593,0.0352,0.9397,0.0394,-0.111287,0.0507322,-0.00388058,0.00464841,4.06E-05,5.20E-05,0.0724225,0.0293283,-0.0046236,0.0042227,-9.61E-09,3.05E-09,-0.0502042,0.0267263,0.0546637,0.0101498,0.00474543,0.00130966,0.00301666,0.0140226,0.00140037,1
k_Bacteria.p_Firmicutes.c_Clostridia.o_Clostridiales.f_Ruminococcaceae.g_Subdoligranulum,g_Subdoligranulum,0.044,4745,-1695.77,0.0844,0.0328,0.0635,0.0269,0.6893,0.0296,-0.0744664,0.0440376,0.040405,0.00403343,-0.000324189,4.51E-05,0.0943808,0.0254529,-0.0101579,0.00366559,7.57E-08,2.65E-09,-0.110551,0.0232008,1.60977,1.10035,0.30322,0.00222423,0.0145605,0.871748,0.00679032,1
k_Bacteria.p_Firmicutes.c_Clostridia.o_Clostridiales.f_Ruminococcaceae.g_Subdoligranulum.s_Subdoligranulum_unclassified,s_Subdoligranulum_unclassified,0.041,4745,-1684.52,0.0856,0.0328,0.0641,0.0268,0.6851,0.0295,-0.0722929,0.0439339,0.0402379,0.00402384,-0.000323359,4.50E-05,0.0928771,0.0253927,-0.0094508,0.00365697,7.55E-08,2.64E-09,-0.10737,0.0231462,1.62039,1.09127,0.30167,0.00215393,0.0126038,0.867349,0.00640512,1
k_Bacteria.p_Firmicutes.c_Erysipelotrichia,c_Erysipelotrichia,0.67,4745,-3817.65,0.0163,0.0337,0.03,0.063,1.8089,0.0728,0.0231094,0.0687959,6.69E-05,0.00630674,5.82E-05,7.06E-05,-0.0406242,0.0397912,-0.0194722,0.00572589,-3.86E-08,4.14E-09,-0.0314159,0.0362398,0.415326,3.01E-06,0.00977385,0.000412081,0.0535051,0.226949,0.000548355,1
k_Bacteria.p_Firmicutes.c_Erysipelotrichia.o_Erysipelotrichales,o_Erysipelotrichales,0.67,4745,-3817.63,0.0163,0.0337,0.03,0.063,1.8089,0.0728,0.0231176,0.0687957,6.74E-05,0.00630672,5.82E-05,7.06E-05,-0.0406299,0.039791,-0.0194725,0.00572587,-3.86E-08,4.14E-09,-0.0314208,0.0362396,0.415319,3.06E-06,0.00977326,0.000412197,0.0535069,0.226946,0.000548525,1
k_Bacteria.p_Firmicutes.c_Erysipelotrichia.o_Erysipelotrichales.f_Erysipelotrichaceae,f_Erysipelotrichaceae,0.67,4745,-3817.56,0.0163,0.0337,0.0301,0.063,1.8088,0.0728,0.0231108,0.0687946,6.47E-05,0.00630662,5.82E-05,7.06E-05,-0.0406205,0.0397904,-0.0194712,0.00572578,-3.86E-08,4.14E-09,-0.0314106,0.0362391,0.41531,2.82E-06,0.00978135,0.000412006,0.0534999,0.226931,0.000548172,1
k_Bacteria.p_Firmicutes.c_Erysipelotrichia.o_Erysipelotrichales.f_Erysipelotrichaceae.g_Catenibacterium,g_Catenibacterium,0.15,4745,329.8,0.0677,0.0331,0.0217,0.0113,0.2987,0.0126,-0.0209465,0.0287303,0.00173705,0.00263213,-4.77E-05,2.95E-05,0.0163136,0.0166077,-0.00495524,0.0023914,8.28E-11,1.73E-09,0.000668022,0.0151357,0.00728069,0.00203371,0.00655334,6.65E-05,0.00346493,1.04E-06,2.48E-07,1
k_Bacteria.p_Firmicutes.c_Erysipelotrichia.o_Erysipelotrichales.f_Erysipelotrichaceae.g_Catenibacterium.s_Catenibacterium_mitsuokai,s_Catenibacterium_mitsuokai,0.15,4745,354.99,0.067,0.0331,0.0212,0.0112,0.2958,0.0125,-0.0206696,0.0285779,0.0016711,0.0026182,-4.68E-05,2.93E-05,0.0161404,0.0165197,-0.00481979,0.00237871,3.27E-11,1.72E-09,0.000798167,0.0150554,0.00715104,0.00188221,0.00631536,6.50E-05,0.00327809,1.62E-07,3.54E-07,1
k_Bacteria.p_Firmicutes.c_Erysipelotrichia.o_Erysipelotrichales.f_Erysipelotrichaceae.g_Erysipelotrichaceae_noname,g_Erysipelotrichaceae_noname,0.089,4745,-3376.56,0.0802,0.0329,0.1227,0.0544,1.4059,0.0602,0.0309195,0.0627539,-0.0172275,0.00574806,0.000174199,6.43E-05,-0.0268263,0.0362716,-0.00595872,0.00522347,-1.11E-08,3.77E-09,0.030643,0.0330609,0.132104,0.200034,0.0875498,0.000179695,0.00501038,0.0187699,0.000521706,1
k_Bacteria.p_Firmicutes.c_Erysipelotrichia.o_Erysipelotrichales.f_Erysipelotrichaceae.g_Erysipelotrichaceae_noname.s_Erysipelotrichaceae_bacterium_21_3,s_Erysipelotrichaceae_bacterium_21_3,0.041,4745,-1762.58,0.0833,0.0329,0.0645,0.0276,0.7098,0.0305,0.134164,0.0446615,-0.0131405,0.00409065,0.000143732,4.58E-05,-0.0897556,0.0258137,0.00624548,0.00371752,-8.62E-09,2.69E-09,0.0451015,0.0235294,0.0218965,0.116382,0.0596028,0.00201158,0.00550424,0.0113007,0.00113017,1
k_Bacteria.p_Firmicutes.c_Erysipelotrichia.o_Erysipelotrichales.f_Erysipelotrichaceae.g_Erysipelotrichaceae_noname.s_Eubacterium_biforme,s_Eubacterium_biforme,0.038,4745,-1991.3,0.1392,0.032,0.1189,0.0313,0.7355,0.0333,-0.153261,0.0468883,-0.0124112,0.00428973,9.27E-05,4.80E-05,0.100651,0.0270937,-0.00320682,0.00390309,-1.09E-09,2.82E-09,-0.00276428,0.0247061,0.0516187,0.103822,0.0247675,0.0025296,0.00145115,0.000178937,4.25E-06,1
k_Bacteria.p_Firmicutes.c_Erysipelotrichia.o_Erysipelotrichales.f_Erysipelotrichaceae.g_Holdemania,g_Holdemania,0.11,4745,-3866.72,0.068,0.0331,0.1278,0.0664,1.751,0.0741,0.136276,0.0695721,0.0210677,0.00637384,-0.000150602,7.13E-05,-0.104824,0.0402165,-0.0271997,0.00579092,-4.25E-08,4.19E-09,-0.0349481,0.0366521,0.341322,0.299156,0.065437,0.00274371,0.104398,0.27391,0.000678594,1
k_Bacteria.p_Firmicutes.c_Erysipelotrichia.o_Erysipelotrichales.f_Erysipelotrichaceae.g_Holdemania.s_Holdemania_filiformis,s_Holdemania_filiformis,0.3,4745,-3225.55,0.0451,0.0334,0.0647,0.05,1.3686,0.0567,0.0950611,0.0607579,0.00730491,0.00556811,-3.01E-05,6.23E-05,-0.0639439,0.0351293,-0.0198181,0.0050571,-2.19E-08,3.66E-09,0.0158648,0.0320071,0.13755,0.0359659,0.00261414,0.00102097,0.055423,0.0725758,0.000139841,1
k_Bacteria.p_Firmicutes.c_Erysipelotrichia.o_Erysipelotrichales.f_Erysipelotrichaceae.g_Holdemania.s_Holdemania_unclassified,s_Holdemania_unclassified,0.35,4745,-4081.52,0.0396,0.0334,0.0815,0.0715,1.9743,0.0813,0.108481,0.0727622,0.0241125,0.00666869,-0.000220265,7.47E-05,-0.0758196,0.0420727,-0.0178127,0.00605622,-4.12E-08,4.38E-09,-0.0597422,0.0383306,0.238829,0.391872,0.139976,0.00143541,0.0447739,0.258065,0.00198301,1
k_Bacteria.p_Firmicutes.c_Negativicutes,c_Negativicutes,0.13,4745,-4153.27,0.0608,0.0332,0.1289,0.0747,1.9907,0.0837,0.448791,0.0738957,0.00484088,0.00677066,-6.60E-05,7.58E-05,-0.298387,0.0427185,0.0226319,0.00615074,2.37E-08,4.45E-09,-0.0640606,0.0389293,0.307573,0.0157946,0.0125748,0.0222317,0.0722785,0.0855763,0.00228005,1
k_Bacteria.p_Firmicutes.c_Negativicutes.o_Selenomonadales,o_Selenomonadales,0.13,4745,-4153.28,0.0608,0.0332,0.1289,0.0747,1.9908,0.0837,0.448794,0.073896,0.00484108,0.00677069,-6.60E-05,7.58E-05,-0.298389,0.0427187,0.022632,0.00615076,2.37E-08,4.45E-09,-0.0640661,0.0389294,0.307578,0.0157959,0.0125739,0.022232,0.0722788,0.0855762,0.00228045,1
k_Bacteria.p_Firmicutes.c_Negativicutes.o_Selenomonadales.f_Acidaminococcaceae,f_Acidaminococcaceae,2.70E-07,4745,-3007.23,0.2445,0.03,0.3227,0.0499,0.9974,0.05,0.307892,0.0580765,0.00925352,0.00529668,-3.46E-07,5.91E-05,-0.224093,0.0335682,0.0173708,0.0048347,-4.50E-09,3.48E-09,-0.0533409,0.0306132,0.136985,0.0577132,3.45E-07,0.0125392,0.0425797,0.00308339,0.00158082,6.37E-05
k_Bacteria.p_Firmicutes.c_Negativicutes.o_Selenomonadales.f_Acidaminococcaceae.g_Acidaminococcus,g_Acidaminococcus,0.18,4745,-673.18,0.069,0.0331,0.0337,0.0173,0.4553,0.0193,0.0745281,0.0354933,0.00331598,0.00325167,-4.97E-05,3.64E-05,-0.0572156,0.0205169,0.0115136,0.00295433,-6.57E-09,2.14E-09,-0.0635148,0.0186987,0.00507304,0.00741115,0.0071163,0.000817414,0.0187063,0.00656321,0.00224136,1
k_Bacteria.p_Firmicutes.c_Negativicutes.o_Selenomonadales.f_Acidaminococcaceae.g_Phascolarctobacterium,g_Phascolarctobacterium,4.30E-06,4745,-2531.3,0.2221,0.0305,0.2395,0.0406,0.8388,0.0411,0.242746,0.0525405,0.00619566,0.0047955,3.93E-05,5.36E-05,-0.176509,0.0303641,0.00915265,0.00437381,3.51E-10,3.15E-09,-0.0199367,0.0276924,0.105709,0.0258724,0.00445185,0.00777942,0.0118211,1.87E-05,0.000220835,0.0009761
k_Bacteria.p_Firmicutes.c_Negativicutes.o_Selenomonadales.f_Acidaminococcaceae.g_Phascolarctobacterium.s_Phascolarctobacterium_succinatutens,s_Phascolarctobacterium_succinatutens,3.30E-06,4745,-2549.6,0.2244,0.0304,0.2439,0.0409,0.8429,0.0414,0.243779,0.0527429,0.00618961,0.0048136,3.97E-05,5.38E-05,-0.177349,0.0304815,0.00938505,0.00439067,2.29E-10,3.16E-09,-0.0188611,0.0277994,0.107269,0.0258219,0.0045582,0.00785366,0.0124291,7.99E-06,0.00019765,0.000759
k_Bacteria.p_Firmicutes.c_Negativicutes.o_Selenomonadales.f_Veillonellaceae,f_Veillonellaceae,0.97,4745,-3989.91,0.0012,0.0338,0.0024,0.067,1.9749,0.0783,0.161662,0.0713159,-0.00345687,0.00653859,-9.83E-05,7.33E-05,-0.0970398,0.041258,0.00901546,0.00593549,1.97E-08,4.30E-09,-0.0044561,0.0375664,0.0505448,0.00805429,0.0278652,0.00235133,0.0114694,0.0588887,1.10E-05,1
k_Bacteria.p_Firmicutes.c_Negativicutes.o_Selenomonadales.f_Veillonellaceae.g_Dialister,g_Dialister,1,4745,-2067.43,0,0.0339,0,0.0302,0.8916,0.0353,0.0523271,0.0478889,0.00279253,0.00439073,-0.000127478,4.92E-05,-0.0171345,0.0277054,-0.00171189,0.0039857,2.72E-08,2.88E-09,-0.00155299,0.0252259,0.0680708,0.00525601,0.0468851,7.33E-05,0.000413539,0.112506,1.34E-06,1
k_Bacteria.p_Firmicutes.c_Negativicutes.o_Selenomonadales.f_Veillonellaceae.g_Dialister.s_Dialister_invisus,s_Dialister_invisus,1,4745,-1990.29,0,0.0339,0,0.029,0.8553,0.0339,0.024241,0.0469028,0.00411602,0.00430031,-0.000144127,4.82E-05,0.00019065,0.0271349,-0.00122538,0.00390363,2.39E-08,2.82E-09,0.0112489,0.0247065,0.0591517,0.0114187,0.0599315,9.08E-09,0.000211889,0.0866903,7.03E-05,1
k_Bacteria.p_Firmicutes.c_Negativicutes.o_Selenomonadales.f_Veillonellaceae.g_Mitsuokella,g_Mitsuokella,0.41,4745,1306.46,0.0504,0.0333,0.0107,0.0074,0.2015,0.0084,0.0229573,0.0233797,-0.00255054,0.00214247,3.19E-05,2.40E-05,-0.0170031,0.0135171,0.00330628,0.00194599,-5.40E-10,1.41E-09,-0.00976362,0.0123165,0.00035513,0.00438456,0.0029325,7.22E-05,0.00154257,4.43E-05,5.30E-05,1
k_Bacteria.p_Firmicutes.c_Negativicutes.o_Selenomonadales.f_Veillonellaceae.g_Mitsuokella.s_Mitsuokella_multacida,s_Mitsuokella_multacida,1,4745,1087.15,0,0.0339,0,0.0079,0.2334,0.0092,-0.0648392,0.0245028,-0.00418207,0.00224655,3.71E-05,2.52E-05,0.0434571,0.0141757,-8.70E-05,0.00203932,4.39E-10,1.48E-09,0.0141401,0.0129071,0.00197287,0.0117881,0.00396885,0.000471558,1.07E-06,2.92E-05,0.000111088,1
k_Bacteria.p_Firmicutes.c_Negativicutes.o_Selenomonadales.f_Veillonellaceae.g_Mitsuokella.s_Mitsuokella_unclassified,s_Mitsuokella_unclassified,0.27,4745,1691.77,0.0503,0.0333,0.0091,0.0063,0.1713,0.0071,0.00957366,0.0215562,-0.00318057,0.00197537,3.38E-05,2.21E-05,-0.00575301,0.0124628,0.0026101,0.00179421,-1.05E-09,1.30E-09,-0.0068658,0.0113559,0.000407423,0.00681823,0.00330556,8.26E-06,0.000961345,0.000168456,2.62E-05,1
k_Bacteria.p_Firmicutes.c_Negativicutes.o_Selenomonadales.f_Veillonellaceae.g_Veillonella,g_Veillonella,0.35,4745,-3264.74,0.0406,0.0334,0.0591,0.0507,1.3979,0.0576,0.0297264,0.061257,0.00876096,0.00561417,-7.98E-05,6.29E-05,-0.0440566,0.0354197,0.0035305,0.00509861,-3.64E-08,3.69E-09,-0.0654216,0.0322698,0.127154,0.0517326,0.0183926,0.000484657,0.00175888,0.201538,0.00237796,1
k_Bacteria.p_Firmicutes.c_Negativicutes.o_Selenomonadales.f_Veillonellaceae.g_Veillonella.s_Veillonella_parvula,s_Veillonella_parvula,0.37,4745,-1621.81,0.0344,0.0335,0.025,0.0253,0.7039,0.0288,-0.0587736,0.0433248,0.016963,0.00397098,-0.000188402,4.45E-05,0.0293825,0.0250529,-0.00320029,0.00360603,-1.82E-08,2.61E-09,-0.0706795,0.022823,0.0273472,0.193941,0.102408,0.000215571,0.00144526,0.0502346,0.00277556,1
k_Bacteria.p_Firmicutes.c_Negativicutes.o_Selenomonadales.f_Veillonellaceae.g_Veillonella.s_Veillonella_unclassified,s_Veillonella_unclassified,0.42,4745,-3360.87,0.0337,0.0335,0.0512,0.0526,1.4659,0.06,0.0324772,0.0625032,0.0127846,0.00572884,-0.000140165,6.41E-05,-0.0486968,0.0361432,0.00291091,0.00520229,-3.93E-08,3.76E-09,-0.0807468,0.0329259,0.152819,0.110163,0.0566816,0.000592125,0.0011957,0.234394,0.00362255,1
k_Bacteria.p_Proteobacteria,p_Proteobacteria,0.00011,4745,-2753.35,0.1857,0.0312,0.2193,0.044,0.9618,0.0456,0.226884,0.0550625,-0.00905269,0.00503141,7.48E-06,5.62E-05,-0.105131,0.0318172,0.0579007,0.00458368,7.02E-08,3.30E-09,0.18274,0.0290176,2.02804,0.0552353,0.000161323,0.00275976,0.473078,0.748986,0.0185538,0.0242
k_Bacteria.p_Proteobacteria.c_Betaproteobacteria,c_Betaproteobacteria,5.50E-06,4745,-4604.48,0.2042,0.0308,0.527,0.0966,2.0533,0.099,0.401744,0.0813341,0.00563764,0.00742787,-0.000313702,8.30E-05,-0.240852,0.0470005,0.0462615,0.00677073,4.79E-08,4.88E-09,0.235093,0.0428655,1.04213,0.0214218,0.28392,0.0144849,0.301999,0.348269,0.0307073,0.001243
k_Bacteria.p_Proteobacteria.c_Betaproteobacteria.o_Burkholderiales,o_Burkholderiales,5.50E-06,4745,-4604.64,0.2042,0.0308,0.527,0.0966,2.0534,0.099,0.401968,0.0813368,0.00562013,0.00742812,-0.000313484,8.30E-05,-0.241018,0.0470021,0.0462688,0.00677095,4.79E-08,4.88E-09,0.234814,0.0428669,1.04203,0.021289,0.283525,0.0145048,0.302093,0.348447,0.0306346,0.001243
k_Bacteria.p_Proteobacteria.c_Betaproteobacteria.o_Burkholderiales.f_Burkholderiales_noname,f_Burkholderiales_noname,0.11,4745,-3611.19,0.0692,0.0331,0.1167,0.0597,1.5703,0.0665,-0.0928308,0.0659258,-0.0146419,0.00603967,0.000162878,6.76E-05,0.0628482,0.0381083,0.00587622,0.00548742,-2.83E-08,3.97E-09,0.0821605,0.0347312,0.137201,0.144497,0.07654,0.000986277,0.00487261,0.121612,0.0037505,1
k_Bacteria.p_Proteobacteria.c_Betaproteobacteria.o_Burkholderiales.f_Burkholderiales_noname.g_Burkholderiales_noname,g_Burkholderiales_noname,0.12,4745,-3611.19,0.0683,0.0331,0.1152,0.0597,1.5718,0.0665,-0.0929553,0.0659249,-0.014809,0.00603968,0.000164481,6.76E-05,0.0629573,0.0381081,0.00606744,0.00548734,-2.82E-08,3.97E-09,0.0806037,0.0347307,0.13678,0.147814,0.0780541,0.000989702,0.00519489,0.121001,0.00360971,1
k_Bacteria.p_Proteobacteria.c_Betaproteobacteria.o_Burkholderiales.f_Burkholderiales_noname.g_Burkholderiales_noname.s_Burkholderiales_bacterium_1_1_47,s_Burkholderiales_bacterium_1_1_47,0.12,4745,-3597.14,0.0678,0.0331,0.1137,0.0593,1.5633,0.0662,-0.0920803,0.0657296,-0.0148035,0.00602183,0.000164126,6.74E-05,0.0624141,0.0379954,0.00615145,0.00547108,-2.82E-08,3.95E-09,0.0816008,0.0346278,0.135768,0.147704,0.0777176,0.000972698,0.00533974,0.120759,0.00369958,1
k_Bacteria.p_Proteobacteria.c_Betaproteobacteria.o_Burkholderiales.f_Oxalobacteraceae,f_Oxalobacteraceae,0.0019,4745,-2671.36,0.1498,0.0318,0.1705,0.0419,0.9681,0.0443,0.0996241,0.0541162,-0.0233917,0.00494974,0.000223262,5.53E-05,-0.065764,0.0312698,0.00562264,0.0045048,-1.37E-08,3.25E-09,0.0600495,0.0285155,0.110391,0.368794,0.14381,0.00107992,0.00446114,0.0283745,0.00200346,0.3743
k_Bacteria.p_Proteobacteria.c_Betaproteobacteria.o_Burkholderiales.f_Oxalobacteraceae.g_Oxalobacter,g_Oxalobacter,0.0019,4745,-2670.84,0.1498,0.0318,0.1706,0.0418,0.9678,0.0443,0.0997046,0.0541102,-0.0233824,0.00494918,0.000223199,5.53E-05,-0.0658255,0.0312663,0.00561378,0.0045043,-1.37E-08,3.25E-09,0.0601435,0.0285123,0.110346,0.368502,0.14373,0.00108193,0.00444709,0.0283755,0.00200974,0.3743
k_Bacteria.p_Proteobacteria.c_Betaproteobacteria.o_Burkholderiales.f_Oxalobacteraceae.g_Oxalobacter.s_Oxalobacter_formigenes,s_Oxalobacter_formigenes,0.002,4745,-2656.02,0.149,0.0318,0.1685,0.0416,0.9627,0.044,0.0995073,0.0539413,-0.023265,0.00493384,0.000222005,5.51E-05,-0.0657167,0.0311687,0.00561715,0.00449023,-1.37E-08,3.24E-09,0.0603606,0.0284233,0.109354,0.36481,0.142196,0.00107836,0.00445242,0.0283145,0.00202428,0.39
k_Bacteria.p_Proteobacteria.c_Betaproteobacteria.o_Burkholderiales.f_Sutterellaceae,f_Sutterellaceae,4.30E-07,4745,-5077.38,0.2347,0.0302,0.7408,0.1192,2.4157,0.1199,0.414658,0.0898464,0.00238462,0.00819697,-0.000295708,9.15E-05,-0.258206,0.0519277,0.0480503,0.00747943,4.30E-08,5.38E-09,0.256833,0.0473577,0.912339,0.00383266,0.252284,0.0166474,0.325804,0.281405,0.0366493,0.00010062
k_Bacteria.p_Proteobacteria.c_Betaproteobacteria.o_Burkholderiales.f_Sutterellaceae.g_Parasutterella,g_Parasutterella,0.15,4745,-3937.34,0.0573,0.0332,0.1109,0.068,1.8242,0.0764,-0.110248,0.0706045,-0.0111291,0.00646945,0.000201691,7.24E-05,0.061854,0.0408174,-0.0112279,0.00587677,-3.18E-08,4.25E-09,0.0471101,0.0371952,0.255845,0.0834798,0.117364,0.000955318,0.0177895,0.154145,0.00123308,1
k_Bacteria.p_Proteobacteria.c_Betaproteobacteria.o_Burkholderiales.f_Sutterellaceae.g_Parasutterella.s_Parasutterella_excrementihominis,s_Parasutterella_excrementihominis,0.15,4745,-3920.84,0.0567,0.0332,0.1091,0.0675,1.8126,0.0759,-0.110045,0.070359,-0.0112545,0.006447,0.0002025,7.22E-05,0.0617156,0.0406756,-0.0109213,0.00585633,-3.18E-08,4.23E-09,0.048046,0.0370658,0.253369,0.0853716,0.118308,0.000951049,0.0168311,0.153901,0.00128256,1
k_Bacteria.p_Proteobacteria.c_Betaproteobacteria.o_Burkholderiales.f_Sutterellaceae.g_Sutterella,g_Sutterella,1.80E-12,4745,-6075.31,0.2993,0.029,1.4468,0.1848,3.3877,0.179,0.295775,0.11081,0.00398904,0.010084,-0.000299259,0.000112555,-0.168028,0.0640823,0.0413944,0.00922463,1.92E-08,6.62E-09,0.163638,0.0584258,0.355312,0.010725,0.258379,0.00704979,0.241795,0.0560508,0.0148775,4.28E-10
k_Bacteria.p_Proteobacteria.c_Betaproteobacteria.o_Burkholderiales.f_Sutterellaceae.g_Sutterella.s_Sutterella_wadsworthensis,s_Sutterella_wadsworthensis,1.30E-12,4745,-6065.14,0.3017,0.0289,1.4526,0.1841,3.3624,0.1781,0.29463,0.11057,0.00406431,0.010061,-0.000301088,0.000112297,-0.167942,0.0639449,0.0414195,0.00920458,1.96E-08,6.61E-09,0.155733,0.0582996,0.356474,0.0111336,0.261546,0.00704256,0.242089,0.0586058,0.0134748,3.11E-10
k_Bacteria.p_Proteobacteria.c_Betaproteobacteria.o_Burkholderiales.f_Sutterellaceae.g_Sutterellaceae_unclassified,g_Sutterellaceae_unclassified,0.00053,4745,-3446.75,0.1576,0.0317,0.249,0.0582,1.3305,0.0614,0.117181,0.0637245,-0.000621123,0.0058274,-6.78E-05,6.51E-05,-0.0860971,0.0368215,0.0172711,0.00530465,3.53E-09,3.83E-09,0.112247,0.0335792,0.0518607,0.000260026,0.0132748,0.00185093,0.0420925,0.00189383,0.00700023,0.11024
k_Bacteria.p_Proteobacteria.c_Deltaproteobacteria,c_Deltaproteobacteria,0.29,4745,-2989.5,0.0487,0.0333,0.0632,0.0454,1.2344,0.0513,-0.0642727,0.0578127,0.00726272,0.00529795,-0.000202518,5.93E-05,0.0724936,0.0334252,0.0201167,0.00481199,4.69E-08,3.48E-09,-0.0999095,0.0304558,0.482531,0.0355516,0.118329,0.00131224,0.0571055,0.334451,0.00554596,1
k_Bacteria.p_Proteobacteria.c_Deltaproteobacteria.o_Desulfovibrionales,o_Desulfovibrionales,0.29,4745,-2989.54,0.0487,0.0333,0.0632,0.0454,1.2344,0.0513,-0.0642643,0.0578131,0.00726363,0.00529799,-0.000202524,5.93E-05,0.0724886,0.0334254,0.0201162,0.00481202,4.69E-08,3.48E-09,-0.0999179,0.0304561,0.482538,0.0355605,0.118335,0.00131206,0.0571028,0.334453,0.00554689,1
k_Bacteria.p_Proteobacteria.c_Deltaproteobacteria.o_Desulfovibrionales.f_Desulfovibrionaceae,f_Desulfovibrionaceae,0.29,4745,-2989.53,0.0487,0.0333,0.0631,0.0454,1.2344,0.0513,-0.0642638,0.057813,0.00726118,0.00529799,-0.000202501,5.93E-05,0.0724943,0.0334254,0.020117,0.00481202,4.69E-08,3.48E-09,-0.0999024,0.030456,0.482551,0.0355365,0.118309,0.00131226,0.0571075,0.334475,0.00554518,1
k_Bacteria.p_Proteobacteria.c_Deltaproteobacteria.o_Desulfovibrionales.f_Desulfovibrionaceae.g_Bilophila,g_Bilophila,0.075,4745,-3470.78,0.0737,0.033,0.1172,0.0564,1.4731,0.0627,-0.176621,0.0640072,0.00198976,0.00586349,-0.000228325,6.56E-05,0.156242,0.0369979,0.0229113,0.00532775,3.78E-08,3.85E-09,-0.0471739,0.0337208,0.297907,0.00266847,0.150407,0.00609548,0.0740739,0.217196,0.00123642,1
k_Bacteria.p_Proteobacteria.c_Deltaproteobacteria.o_Desulfovibrionales.f_Desulfovibrionaceae.g_Bilophila.s_Bilophila_unclassified,s_Bilophila_unclassified,0.16,4745,-3326.91,0.0593,0.0332,0.0887,0.0527,1.4074,0.0591,-0.183565,0.0620834,0.00172104,0.00568849,-0.000222919,6.37E-05,0.158661,0.0358905,0.0222633,0.00516752,3.61E-08,3.74E-09,-0.0193075,0.0327063,0.282321,0.00199638,0.143369,0.00628567,0.0699432,0.198423,0.000207117,1
k_Bacteria.p_Proteobacteria.c_Deltaproteobacteria.o_Desulfovibrionales.f_Desulfovibrionaceae.g_Bilophila.s_Bilophila_wadsworthia,s_Bilophila_wadsworthia,0.038,4745,-3046.36,0.0884,0.0328,0.1175,0.0476,1.2128,0.0524,-0.114599,0.0585409,-0.0223306,0.00536141,0.00019631,6.00E-05,0.0692901,0.0338345,0.00570472,0.00487283,-1.79E-08,3.52E-09,-0.018897,0.0308419,0.180457,0.336094,0.111185,0.00119882,0.00459234,0.0489347,0.000198404,1
k_Bacteria.p_Proteobacteria.c_Deltaproteobacteria.o_Desulfovibrionales.f_Desulfovibrionaceae.g_Desulfovibrio,g_Desulfovibrio,0.34,4745,-1499.41,0.0537,0.0333,0.0372,0.0243,0.6553,0.0274,0.0443657,0.0422351,0.0134064,0.00387017,-8.52E-05,4.33E-05,-0.0368988,0.0244175,-0.00838793,0.00351542,1.06E-08,2.54E-09,-0.106623,0.0222497,0.0379535,0.12114,0.0209408,0.000339968,0.00992831,0.0169632,0.00631635,1
k_Bacteria.p_Proteobacteria.c_Deltaproteobacteria.o_Desulfovibrionales.f_Desulfovibrionaceae.g_Desulfovibrio.s_Desulfovibrio_desulfuricans,s_Desulfovibrio_desulfuricans,1,4745,694.26,1.00E-04,0.0339,0,0.0093,0.2745,0.0109,-0.0101023,0.0265735,0.000216189,0.0024364,-5.94E-06,2.73E-05,0.00376088,0.0153737,-0.00494983,0.00221166,3.11E-10,1.60E-09,-0.0124443,0.0139978,0.00416978,3.15E-05,0.000101822,3.53E-06,0.00345737,1.47E-05,8.60E-05,1
k_Bacteria.p_Proteobacteria.c_Deltaproteobacteria.o_Desulfovibrionales.f_Desulfovibrionaceae.g_Desulfovibrio.s_Desulfovibrio_piger,s_Desulfovibrio_piger,0.018,4745,-954.78,0.1292,0.0321,0.0713,0.0201,0.4805,0.0216,0.0506525,0.0376853,0.0146218,0.00344855,-9.51E-05,3.86E-05,-0.0396516,0.0217764,-0.00779648,0.00313698,1.04E-08,2.26E-09,-0.0972617,0.0198563,0.0467744,0.1441,0.0261003,0.000392586,0.00857753,0.0163145,0.0052559,1
k_Bacteria.p_Proteobacteria.c_Gammaproteobacteria,c_Gammaproteobacteria,0.047,4745,-4426.22,0.1008,0.0326,0.2401,0.0857,2.1407,0.0935,0.0439114,0.0783082,-0.0524658,0.00717014,0.000786776,8.02E-05,-0.0282428,0.0452558,0.0134622,0.00651831,-6.57E-09,4.71E-09,0.11589,0.0412574,0.104953,1.8553,1.78593,0.000199172,0.025574,0.00656454,0.00746202,1
k_Bacteria.p_Proteobacteria.c_Gammaproteobacteria.o_Enterobacteriales,o_Enterobacteriales,0.24,4745,-4320.99,0.0605,0.0332,0.1376,0.0801,2.1373,0.0898,0.045551,0.0765541,-0.0494887,0.00701427,0.000749603,7.85E-05,-0.0311252,0.0442555,0.0120266,0.00637201,-9.46E-09,4.61E-09,0.0937809,0.0403297,0.106169,1.65072,1.62115,0.000241901,0.0204105,0.01359,0.00488643,1
k_Bacteria.p_Proteobacteria.c_Gammaproteobacteria.o_Enterobacteriales.f_Enterobacteriaceae,f_Enterobacteriaceae,0.24,4745,-4321.08,0.0605,0.0332,0.1376,0.0801,2.1374,0.0898,0.0455539,0.0765554,-0.0494908,0.0070144,0.000749621,7.85E-05,-0.0311223,0.0442563,0.0120277,0.00637212,-9.46E-09,4.61E-09,0.0937962,0.0403304,0.106167,1.65086,1.62123,0.000241856,0.020414,0.0135866,0.00488803,1
k_Bacteria.p_Proteobacteria.c_Gammaproteobacteria.o_Enterobacteriales.f_Enterobacteriaceae.g_Escherichia,g_Escherichia,0.55,4745,-4116.08,0.0305,0.0335,0.0636,0.0721,2.022,0.0825,0.0413215,0.0732821,-0.0395916,0.00671704,0.000606506,7.52E-05,-0.030933,0.042378,0.00512685,0.00609941,-9.72E-09,4.41E-09,0.0894006,0.0386039,0.086996,1.0565,1.06128,0.000238922,0.00370908,0.0143509,0.00444063,1
k_Bacteria.p_Proteobacteria.c_Gammaproteobacteria.o_Enterobacteriales.f_Enterobacteriaceae.g_Escherichia.s_Escherichia_coli,s_Escherichia_coli,0.74,4745,-3285.95,0.0162,0.0337,0.0238,0.0503,1.4459,0.0582,0.00536857,0.061503,-0.0255516,0.00563819,0.000414549,6.32E-05,-0.00646324,0.0355731,0.00895143,0.00511891,-1.51E-08,3.70E-09,0.0719722,0.0323981,0.0508712,0.440044,0.495807,1.04E-05,0.0113071,0.034595,0.00287802,1
k_Bacteria.p_Proteobacteria.c_Gammaproteobacteria.o_Enterobacteriales.f_Enterobacteriaceae.g_Escherichia.s_Escherichia_unclassified,s_Escherichia_unclassified,0.37,4745,-3641.16,0.044,0.0334,0.0752,0.0595,1.6324,0.0675,-0.00621959,0.0663184,-0.0346326,0.00607778,0.000528975,6.80E-05,-0.00844045,0.0383448,0.00188155,0.00551992,-1.67E-08,3.99E-09,0.0782624,0.0349364,0.118651,0.80841,0.807296,1.78E-05,0.000499569,0.0422024,0.00340306,1
k_Bacteria.p_Proteobacteria.c_Gammaproteobacteria.o_Enterobacteriales.f_Enterobacteriaceae.g_Klebsiella,g_Klebsiella,1,4745,-107.12,0,0.0339,0,0.013,0.3854,0.0153,-0.030807,0.0314842,-0.00948915,0.00288665,0.00013149,3.23E-05,0.0223221,0.0182147,0.0087702,0.00262036,-5.95E-09,1.90E-09,-0.00314711,0.0165846,0.00377198,0.0606898,0.0498821,0.000124418,0.0108539,0.00537364,5.50E-06,1
k_Bacteria.p_Proteobacteria.c_Gammaproteobacteria.o_Pasteurellales,o_Pasteurellales,0.44,4745,-2204.28,0.0332,0.0335,0.0309,0.0323,0.9008,0.0369,-0.0734196,0.0489822,-0.00509625,0.00448958,8.92E-05,5.03E-05,0.038073,0.0283248,0.00431187,0.0040769,-1.94E-08,2.95E-09,-0.0051294,0.0258032,0.0420807,0.017505,0.0229652,0.000361949,0.0026236,0.0571717,1.46E-05,1
k_Bacteria.p_Proteobacteria.c_Gammaproteobacteria.o_Pasteurellales.f_Pasteurellaceae,f_Pasteurellaceae,0.44,4745,-2204.41,0.0332,0.0335,0.0309,0.0323,0.9009,0.0369,-0.073432,0.0489836,-0.00509776,0.00448971,8.92E-05,5.03E-05,0.0380863,0.0283256,0.00431243,0.00407702,-1.94E-08,2.95E-09,-0.00511411,0.0258039,0.0420785,0.0175154,0.0229694,0.000362202,0.00262427,0.0571656,1.45E-05,1
k_Bacteria.p_Proteobacteria.c_Gammaproteobacteria.o_Pasteurellales.f_Pasteurellaceae.g_Haemophilus,g_Haemophilus,0.45,4745,-2188.07,0.0324,0.0335,0.0299,0.032,0.8954,0.0366,-0.0718157,0.0488144,-0.00608141,0.00447424,9.77E-05,5.01E-05,0.0364567,0.028228,0.00534046,0.00406293,-1.91E-08,2.94E-09,-0.00960586,0.0257148,0.0415537,0.024927,0.0275132,0.00033187,0.0040246,0.0556646,5.13E-05,1
k_Bacteria.p_Proteobacteria.c_Gammaproteobacteria.o_Pasteurellales.f_Pasteurellaceae.g_Haemophilus.s_Haemophilus_parainfluenzae,s_Haemophilus_parainfluenzae,0.4,4745,-2159.97,0.0362,0.0335,0.0331,0.0317,0.8815,0.0362,-0.0667494,0.0485295,-0.00675771,0.00444794,0.000106244,4.98E-05,0.0321558,0.028062,0.00621263,0.00403924,-1.92E-08,2.92E-09,-0.0153435,0.0255649,0.0410658,0.0307794,0.0325668,0.000258185,0.00544649,0.0557706,0.000130802,1
k_Bacteria.p_Verrucomicrobia,p_Verrucomicrobia,0.0073,4745,-5119.62,0.12,0.0323,0.3829,0.1159,2.8084,0.125,-0.295954,0.0906443,0.0183306,0.00829645,-5.54E-05,9.28E-05,0.226068,0.0523804,-0.0456915,0.00754531,5.56E-08,5.45E-09,-0.263972,0.0477592,0.229522,0.226473,0.00883978,0.0127612,0.294602,0.470123,0.038715,1
k_Bacteria.p_Verrucomicrobia.c_Verrucomicrobiae,c_Verrucomicrobiae,0.0073,4745,-5119.62,0.12,0.0323,0.3829,0.1159,2.8084,0.125,-0.295954,0.0906443,0.0183308,0.00829646,-5.54E-05,9.28E-05,0.226068,0.0523804,-0.0456918,0.00754531,5.56E-08,5.45E-09,-0.263974,0.0477592,0.229524,0.226476,0.00883977,0.0127612,0.294606,0.470128,0.0387154,1
k_Bacteria.p_Verrucomicrobia.c_Verrucomicrobiae.o_Verrucomicrobiales,o_Verrucomicrobiales,0.0073,4745,-5119.64,0.12,0.0323,0.383,0.1159,2.8084,0.125,-0.295941,0.0906447,0.0183311,0.00829649,-5.54E-05,9.28E-05,0.22606,0.0523806,-0.0456919,0.00754534,5.56E-08,5.45E-09,-0.26398,0.0477594,0.229531,0.226484,0.00883939,0.0127603,0.294607,0.470132,0.0387173,1
k_Bacteria.p_Verrucomicrobia.c_Verrucomicrobiae.o_Verrucomicrobiales.f_Verrucomicrobiaceae,f_Verrucomicrobiaceae,0.0073,4745,-5119.66,0.12,0.0323,0.383,0.1159,2.8084,0.125,-0.295942,0.090645,0.0183289,0.00829651,-5.53E-05,9.28E-05,0.226065,0.0523808,-0.0456912,0.00754537,5.56E-08,5.45E-09,-0.263965,0.0477595,0.229535,0.22643,0.00883321,0.0127609,0.294598,0.470156,0.0387129,1
k_Bacteria.p_Verrucomicrobia.c_Verrucomicrobiae.o_Verrucomicrobiales.f_Verrucomicrobiaceae.g_Akkermansia,g_Akkermansia,0.0073,4745,-5119.74,0.1199,0.0323,0.3828,0.1159,2.8086,0.125,-0.296013,0.0906466,0.0182956,0.00829667,-5.50E-05,9.28E-05,0.226136,0.0523817,-0.0456798,0.0075455,5.56E-08,5.45E-09,-0.263748,0.0477604,0.229596,0.225607,0.0087189,0.0127689,0.294451,0.470402,0.0386491,1
k_Bacteria.p_Verrucomicrobia.c_Verrucomicrobiae.o_Verrucomicrobiales.f_Verrucomicrobiaceae.g_Akkermansia.s_Akkermansia_muciniphila,s_Akkermansia_muciniphila,0.0071,4745,-5119.12,0.1204,0.0323,0.3841,0.1159,2.8065,0.1249,-0.295605,0.0906349,0.0181167,0.00829552,-5.35E-05,9.28E-05,0.225879,0.0523749,-0.0452599,0.00754453,5.57E-08,5.45E-09,-0.261454,0.0477543,0.231663,0.221217,0.00826845,0.0127398,0.289062,0.470902,0.03798,1
